id,classic_min_margin,route_to_transformer,classic_label_count,transformer_label_count,hybrid_label_count
giftcards_25179,0.06494315271444102,0,1,1,1
giftcards_20967,0.05722917681404172,0,1,1,1
giftcards_11507,0.06494315271444102,0,1,1,1
giftcards_22209,0.06494315271444102,0,1,1,1
giftcards_3018,0.06494315271444102,0,1,1,1
giftcards_22198,0.001855912443594565,1,2,2,2
giftcards_1402,0.01624772103734938,1,1,2,2
giftcards_22326,0.04518151163158748,0,1,3,1
giftcards_25143,0.046307443452328845,0,1,1,1
giftcards_17977,0.06494315271444102,0,1,1,1
giftcards_4462,0.055857346270803986,0,1,1,1
giftcards_5920,0.06494315271444102,0,1,1,1
giftcards_18563,0.023119445939134203,1,2,3,3
giftcards_26930,0.05860429008731708,0,1,1,1
giftcards_19683,0.061269243418288634,0,1,3,1
giftcards_20746,0.015250803919185887,1,2,2,2
giftcards_21133,0.01270305708946401,1,1,3,3
giftcards_9364,0.06494315271444102,0,1,1,1
giftcards_11841,0.07235564289377323,0,1,1,1
giftcards_16470,0.005086423510109267,1,2,1,1
giftcards_8087,0.06494315271444102,0,1,1,1
giftcards_20635,0.06808510628372298,0,1,1,1
giftcards_25593,0.06494315271444102,0,1,1,1
giftcards_17296,0.04259375418685859,0,1,3,1
giftcards_4007,0.07844827135179079,0,1,2,1
giftcards_7905,0.04493541399235886,0,1,1,1
giftcards_23512,0.06275001397019203,0,1,3,1
giftcards_27539,0.03234500227319695,1,2,2,2
giftcards_14969,0.07065298607961547,0,1,1,1
giftcards_15867,0.022322429622644788,1,3,3,3
giftcards_27051,0.06494315271444102,0,1,1,1
giftcards_19731,0.07954193916148983,0,2,1,2
giftcards_16343,0.008069373982671088,1,2,3,3
giftcards_2075,0.011492607294197738,1,1,2,2
giftcards_9976,0.0063742245866269115,1,2,3,3
giftcards_12883,0.04367747456046944,0,4,4,4
giftcards_25424,0.018113246445330453,1,1,1,1
giftcards_22147,0.04069727892005625,0,1,3,1
giftcards_12695,0.06485846063998461,0,1,1,1
giftcards_6246,0.046944448323715714,0,1,1,1
giftcards_22382,0.07615861897320746,0,2,2,2
giftcards_10613,0.0166722597647673,1,1,2,2
giftcards_27551,0.04511872925920297,0,1,1,1
giftcards_20874,0.07313819574137857,0,1,1,1
giftcards_18035,0.04258191915736231,0,1,2,1
giftcards_19823,0.09471237515646008,0,2,1,2
giftcards_22146,0.02746381799282202,1,1,2,2
giftcards_21036,0.006769342321362351,1,2,1,1
giftcards_22992,0.017566079236069482,1,1,3,3
giftcards_1194,0.02818919862762688,1,4,3,3
giftcards_6739,0.06494315271444102,0,1,2,1
giftcards_8446,0.06299849626140464,0,1,1,1
giftcards_21227,0.020829813066736078,1,1,2,2
giftcards_12217,0.005660145511745304,1,1,1,1
giftcards_12988,0.00572123549110419,1,2,2,2
giftcards_15900,0.05668237439001083,0,1,1,1
giftcards_15852,0.0061223494557055,1,2,1,1
giftcards_16829,0.0956494407558857,0,2,1,2
giftcards_14672,0.06559521738856663,0,2,1,2
giftcards_22561,0.06033792267871444,0,1,1,1
giftcards_25806,0.04232311364433034,0,1,3,1
giftcards_1603,0.007969203948941836,1,2,1,1
giftcards_20704,0.05963483964472918,0,1,1,1
giftcards_13090,0.06007245064239863,0,1,1,1
giftcards_4779,0.028871338696028787,1,2,2,2
giftcards_3333,0.03317103247191014,1,1,3,3
giftcards_27447,0.014510208632895788,1,1,1,1
giftcards_42,0.052950282907601405,0,1,1,1
giftcards_134,0.07434141878194786,0,1,1,1
giftcards_14983,0.05630152894867573,0,1,1,1
giftcards_18517,0.02418280941473358,1,1,1,1
giftcards_13495,0.06443418869970352,0,1,1,1
giftcards_18763,0.06051273563328516,0,2,1,2
giftcards_14026,0.03931000052893924,0,3,2,3
giftcards_9684,0.06494315271444102,0,1,1,1
giftcards_5210,0.07800664100063728,0,2,2,2
giftcards_10324,0.09514298395808922,0,2,2,2
giftcards_27727,0.06539207580096015,0,1,1,1
giftcards_1751,0.07130687088657128,0,1,1,1
giftcards_6953,0.03671514312644278,1,1,1,1
giftcards_14640,0.012561653236047701,1,1,1,1
giftcards_14739,0.08029773227752454,0,2,2,2
giftcards_24725,0.05878811056981584,0,1,1,1
giftcards_12240,0.06494315271444102,0,1,1,1
giftcards_9276,0.05640710116475964,0,1,2,1
giftcards_515,0.0427956306911744,0,1,1,1
giftcards_17465,0.062353039560069275,0,1,3,1
giftcards_25591,0.061183541064209514,0,1,3,1
giftcards_25610,0.05990268819638624,0,1,1,1
giftcards_28851,0.0427956306911744,0,1,1,1
giftcards_26060,0.06494315271444102,0,1,1,1
giftcards_11524,0.08034981080465046,0,2,1,2
giftcards_25320,0.09423529620963957,0,2,1,2
giftcards_12376,0.05764265961529096,0,2,3,2
giftcards_19772,0.09148655385148105,0,2,2,2
giftcards_12617,0.06550681570695979,0,1,1,1
giftcards_24446,0.0738844860871544,0,1,3,1
giftcards_27697,0.06537075317641566,0,1,1,1
giftcards_7502,0.062133486445701804,0,1,1,1
giftcards_18523,0.02889779334127099,1,1,0,0
giftcards_14456,0.0602397277974942,0,1,3,1
giftcards_11333,0.05428197562401227,0,1,3,1
giftcards_18926,0.05372747152740024,0,1,2,1
giftcards_700,0.027669555929095577,1,1,3,3
giftcards_7388,0.027685394152510784,1,1,1,1
giftcards_4579,0.020557605491991288,1,1,2,2
giftcards_24927,0.06494315271444102,0,1,1,1
giftcards_22538,0.05062347684362623,0,2,1,2
giftcards_6250,0.0427956306911744,0,1,1,1
giftcards_14148,0.08235500919245498,0,2,1,2
giftcards_27806,0.02844826371811081,1,1,2,2
giftcards_175,0.06729580806565363,0,1,4,1
giftcards_20623,0.044762653452410546,0,1,2,1
giftcards_18404,0.07004918982113482,0,1,1,1
giftcards_543,0.06494315271444102,0,1,1,1
giftcards_17192,0.050828498357517155,0,1,1,1
giftcards_4564,0.06494315271444102,0,1,1,1
giftcards_15530,0.055573413000879666,0,1,1,1
giftcards_10579,0.06494315271444102,0,1,1,1
giftcards_5861,0.042940728565643606,0,1,1,1
giftcards_11699,0.08381792527606162,0,2,1,2
giftcards_25956,0.058593361407441084,0,1,1,1
giftcards_25985,0.05308917416953109,0,1,3,1
giftcards_14797,0.04069300497951228,0,2,1,2
giftcards_20133,0.060392269169719855,0,1,3,1
giftcards_220,0.058540287904729,0,1,1,1
giftcards_11178,0.0066560008418411615,1,2,1,1
giftcards_19765,0.018004893380238834,1,1,2,2
giftcards_360,0.019899575949785586,1,2,4,4
giftcards_17034,0.03695808812760282,1,1,1,1
giftcards_7144,0.06171925310683327,0,1,1,1
giftcards_13806,0.03760361072541935,1,2,3,3
giftcards_14855,0.041696894419291454,0,2,2,2
giftcards_6216,0.06559521738856663,0,2,1,2
giftcards_12583,0.06494315271444102,0,1,1,1
giftcards_25339,0.037321692796364866,1,1,1,1
giftcards_25223,0.06494315271444102,0,1,1,1
giftcards_12825,0.06494315271444102,0,1,1,1
giftcards_27822,0.05139091467009443,0,1,3,1
giftcards_27393,0.012254109264446339,1,1,3,3
giftcards_12759,0.03872782319685885,1,1,1,1
giftcards_4192,0.06598018827119503,0,2,2,2
giftcards_28982,0.06330863893242514,0,1,1,1
giftcards_9469,0.06880783600643399,0,1,1,1
giftcards_3250,0.032725301294598705,1,1,1,1
giftcards_12551,0.09341175913149607,0,3,2,3
giftcards_3402,0.06494315271444102,0,1,1,1
giftcards_19138,0.05461368353063293,0,1,1,1
giftcards_12446,0.07319221503280514,0,1,1,1
giftcards_13037,0.06494315271444102,0,1,1,1
giftcards_6650,0.06958649970690464,0,1,1,1
giftcards_7837,0.05508622419615844,0,1,1,1
giftcards_11642,0.002350930792119038,1,2,3,3
giftcards_21691,0.029717511029231924,1,1,3,3
giftcards_7141,0.029304710729382025,1,1,3,3
giftcards_15879,0.034303480899191455,1,1,1,1
giftcards_22815,0.06157637452268038,0,1,0,1
giftcards_19726,0.06071397516277872,0,1,1,1
giftcards_27889,0.08701908620205576,0,2,1,2
giftcards_19774,0.0626614879694079,0,1,1,1
giftcards_5720,0.023557651532598076,1,1,1,1
giftcards_11014,0.03872782319685885,1,1,1,1
giftcards_17274,0.054430642269034414,0,2,1,2
giftcards_1702,0.028986103954552353,1,1,1,1
giftcards_10464,0.06306714560452173,0,1,1,1
giftcards_15043,0.0427956306911744,0,1,1,1
giftcards_3457,0.006058151124992223,1,3,1,1
giftcards_15629,0.06343229484166554,0,1,1,1
giftcards_22803,0.040112393146696464,0,1,1,1
giftcards_11018,0.06494315271444102,0,1,1,1
giftcards_23875,0.03872782319685885,1,1,1,1
giftcards_20350,0.06494315271444102,0,1,1,1
giftcards_25954,0.058593361407441084,0,1,1,1
giftcards_14021,0.004618666194498716,1,2,3,3
giftcards_6112,0.06793695766115943,0,1,1,1
giftcards_26771,0.052505232606987536,0,1,1,1
giftcards_12944,0.06494315271444102,0,1,1,1
giftcards_13179,0.059388074836863015,0,1,1,1
giftcards_20087,0.017492639095430196,1,2,2,2
giftcards_22535,0.052328225573574194,0,1,1,1
giftcards_25047,0.06278754718123361,0,1,1,1
giftcards_12778,0.06482702217274679,0,1,1,1
giftcards_22325,0.022872979916081573,1,1,1,1
giftcards_27046,0.07387170783470902,0,1,2,1
giftcards_20231,0.06494315271444102,0,1,1,1
giftcards_783,0.07287414911927571,0,1,1,1
giftcards_25243,0.023730557625173704,1,1,3,3
giftcards_7396,0.06189076179703487,0,1,1,1
giftcards_24178,0.04143230581175614,0,3,3,3
giftcards_8375,0.048903243568584026,0,1,1,1
giftcards_8026,0.07498576238140037,0,2,3,2
giftcards_22787,0.0900088854330008,0,2,1,2
giftcards_9727,0.057556457080267194,0,1,1,1
giftcards_27420,0.07127401432178514,0,1,1,1
giftcards_15198,0.04761361235516509,0,1,2,1
giftcards_25413,0.05568784689084541,0,1,1,1
giftcards_16985,0.08751627021913258,0,2,1,2
giftcards_4151,0.06033394145552188,0,1,1,1
giftcards_23630,0.07870632341440993,0,2,1,2
giftcards_21598,0.06139378723423639,0,1,1,1
giftcards_16350,0.04542636822232122,0,1,1,1
giftcards_15755,0.03000293593029961,1,1,1,1
giftcards_5033,0.04337503842496048,0,1,1,1
giftcards_16031,0.06494315271444102,0,1,1,1
giftcards_17256,0.06490706150016101,0,1,1,1
giftcards_9633,0.03766466511586353,1,2,1,1
giftcards_6808,0.04456145854908633,0,2,2,2
giftcards_589,0.03575697300052852,1,1,3,3
giftcards_24627,0.06686228677985834,0,1,3,1
giftcards_5837,0.06485271610559859,0,1,1,1
giftcards_15458,0.05116149919300497,0,2,3,2
giftcards_1707,0.013938883389726014,1,1,3,3
giftcards_26802,0.05774822431873419,0,1,1,1
giftcards_6014,0.06494315271444102,0,1,1,1
giftcards_21457,0.0777161381389484,0,2,1,2
giftcards_12956,0.03695808812760282,1,1,1,1
giftcards_23920,0.06759520707981348,0,2,3,2
giftcards_2127,0.0409870340877683,0,1,3,1
giftcards_6676,0.06276962695130978,0,1,1,1
giftcards_8214,0.015739477349234934,1,2,4,4
giftcards_1683,0.04675333478254151,0,1,2,1
giftcards_13523,0.06920038183731272,0,2,0,2
giftcards_20178,0.06736280057762858,0,1,1,1
giftcards_4933,0.05967273546346254,0,1,1,1
giftcards_14145,0.020299281292042323,1,3,3,3
giftcards_2578,0.004859505340233258,1,2,1,1
giftcards_16894,0.026635429802815205,1,2,3,3
giftcards_10214,0.020571834019624383,1,1,1,1
giftcards_24332,0.08701908620205576,0,2,1,2
giftcards_7714,0.06494315271444102,0,1,1,1
giftcards_2162,0.045520189734739196,0,1,3,1
giftcards_23114,0.06122050585512059,0,1,1,1
giftcards_20411,0.05828920544855917,0,1,3,1
giftcards_14768,0.06320797361111179,0,1,1,1
giftcards_13365,0.05954036169638074,0,1,1,1
giftcards_11242,0.014226140196470866,1,1,3,3
giftcards_6892,0.002521632198161289,1,2,1,1
giftcards_6213,0.06559521738856663,0,2,1,2
giftcards_2175,0.08339822019972741,0,2,0,2
giftcards_11360,0.05604436893417453,0,1,1,1
giftcards_15632,0.05990767109993657,0,1,1,1
giftcards_28010,0.058593361407441084,0,1,1,1
giftcards_17488,0.002992409285367398,1,3,3,3
giftcards_6760,0.07525128455592603,0,1,1,1
giftcards_15366,0.03807774927835134,1,1,3,3
giftcards_20503,0.027273593033205576,1,1,3,3
giftcards_16755,0.02691554881015304,1,1,1,1
giftcards_15904,0.06125987331653223,0,1,1,1
giftcards_10883,0.08080987019425102,0,2,1,2
giftcards_12818,0.06494315271444102,0,1,1,1
giftcards_16830,0.0956494407558857,0,2,1,2
giftcards_20259,0.013997878389064994,1,2,2,2
giftcards_18308,0.06014015956175115,0,1,1,1
giftcards_14579,0.04305918694554769,0,1,2,1
giftcards_11044,0.058702403348762665,0,1,1,1
giftcards_14517,0.054787374602090495,0,2,2,2
giftcards_6587,0.06859355497780259,0,1,1,1
giftcards_1366,0.06401117169882009,0,1,1,1
giftcards_8914,0.09066847586807879,0,2,1,2
giftcards_14394,0.04566058468485784,0,1,3,1
giftcards_12887,0.027775350022865228,1,1,3,3
giftcards_8028,0.0627261092247124,0,1,1,1
giftcards_11655,0.004093027190390147,1,3,3,3
giftcards_23949,0.0653092101399144,0,1,1,1
giftcards_20344,0.023557651532598076,1,1,1,1
giftcards_25688,0.07304258781450772,0,1,1,1
giftcards_4127,0.06939969294043496,0,1,1,1
giftcards_12277,0.040023123661814486,0,1,1,1
giftcards_12843,0.04441977882111634,0,1,0,1
giftcards_13033,0.06801117598242337,0,2,3,2
giftcards_10629,0.06753483670973126,0,1,1,1
giftcards_19049,0.03958455448330494,0,1,1,1
giftcards_3655,0.002125663252622839,1,1,1,1
giftcards_8358,0.05296078713822866,0,2,1,2
giftcards_15841,0.065678868541344,0,1,1,1
giftcards_25912,0.02169086044348431,1,1,2,2
giftcards_4951,0.0586781347133005,0,2,2,2
giftcards_3953,0.018709443881955515,1,2,1,1
giftcards_27460,0.07212944541699097,0,1,1,1
giftcards_5009,0.06494315271444102,0,1,1,1
giftcards_17829,0.06324754120817466,0,1,1,1
giftcards_12527,0.06494315271444102,0,1,1,1
giftcards_12315,0.06249087580634247,0,1,1,1
giftcards_931,0.03202115904635232,1,2,3,3
giftcards_19700,0.06494315271444102,0,1,1,1
giftcards_8434,0.01624772103734938,1,1,2,2
giftcards_20489,0.07514222321433925,0,2,1,2
giftcards_5874,0.08894027859168893,0,2,2,2
giftcards_1236,0.02320124455965776,1,1,2,2
giftcards_17794,0.0543566896878597,0,1,2,1
giftcards_19351,0.06028219056306343,0,1,1,1
giftcards_3133,0.05823344658552152,0,1,1,1
giftcards_15786,0.0784155541883809,0,2,1,2
giftcards_20678,0.025105417652101614,1,1,4,4
giftcards_10605,0.023967198037142964,1,1,3,3
giftcards_26378,0.06260926195480859,0,1,1,1
giftcards_5999,0.03092763594930338,1,1,1,1
giftcards_17471,0.09497005553300844,0,2,1,2
giftcards_4671,0.00851565116849115,1,2,1,1
giftcards_9247,0.09410296389023766,0,2,2,2
giftcards_1834,0.08367950839354543,0,2,2,2
giftcards_2819,0.06301354014833022,0,2,2,2
giftcards_1558,0.0847318151851012,0,2,2,2
giftcards_8337,0.06494315271444102,0,1,1,1
giftcards_8640,0.044887661792736594,0,1,1,1
giftcards_23138,0.05733102291040181,0,1,1,1
giftcards_6354,0.07367516956184748,0,1,1,1
giftcards_7581,0.057489279747361365,0,1,1,1
giftcards_22088,0.05733102291040181,0,1,1,1
giftcards_9897,0.028983862350953737,1,1,1,1
giftcards_7172,0.08862681233621439,0,2,1,2
giftcards_1900,0.02534705550316911,1,1,4,4
giftcards_15399,0.022274764589948495,1,1,3,3
giftcards_9329,0.062402683451323666,0,1,1,1
giftcards_3589,0.02367020718422065,1,3,3,3
giftcards_19527,0.01331674431264454,1,1,1,1
giftcards_15232,0.06494315271444102,0,1,1,1
giftcards_5551,0.0023597146990296525,1,1,2,2
giftcards_8074,0.06494315271444102,0,1,1,1
giftcards_14860,0.06285082879979556,0,1,1,1
giftcards_10804,0.08701908620205576,0,2,1,2
giftcards_25092,0.007612075174679905,1,1,3,3
giftcards_4424,1.6524083384802934e-05,1,1,2,2
giftcards_12681,0.06494315271444102,0,1,1,1
giftcards_3575,0.06494315271444102,0,1,1,1
giftcards_5599,0.014668627035514303,1,3,1,1
giftcards_24909,0.032000911651630215,1,1,1,1
giftcards_13916,0.06494315271444102,0,1,1,1
giftcards_7450,0.06494315271444102,0,1,1,1
giftcards_13708,0.0056592865610342324,1,1,1,1
giftcards_21809,0.01624772103734938,1,1,2,2
giftcards_23660,0.06494315271444102,0,1,1,1
giftcards_12310,0.05712518231310452,0,1,1,1
giftcards_12380,0.05198849736219513,0,1,2,1
giftcards_6843,0.017365508970660387,1,2,1,1
giftcards_15211,0.04419457320730045,0,1,3,1
giftcards_2195,0.09170762846696966,0,3,2,3
giftcards_14220,0.009242755739202982,1,2,2,2
giftcards_8066,0.025076021794516096,1,1,1,1
giftcards_20167,0.05974999802315455,0,1,1,1
giftcards_23649,0.0729307262771556,0,1,3,1
giftcards_4153,0.003710179482929482,1,2,2,2
giftcards_4730,0.04406674358519755,0,1,3,1
giftcards_18144,0.04541946173281736,0,1,1,1
giftcards_15365,0.05102606416953082,0,2,3,2
giftcards_12292,0.06494315271444102,0,1,1,1
giftcards_5647,0.03872782319685885,1,1,1,1
giftcards_19238,0.015204706199762871,1,2,1,1
giftcards_16657,0.06807939371839053,0,1,1,1
giftcards_913,0.052697603722060005,0,3,3,3
giftcards_5076,0.05963483964472918,0,1,1,1
giftcards_16565,0.06145251585827707,0,1,1,1
giftcards_23427,0.062431759424343244,0,1,1,1
giftcards_28078,0.06653120337513527,0,2,3,2
giftcards_17156,0.05464907051974966,0,1,1,1
giftcards_418,0.05961710447478546,0,1,2,1
giftcards_15019,0.06494315271444102,0,1,1,1
giftcards_17811,0.07059478017810229,0,1,1,1
giftcards_19638,0.06494315271444102,0,1,1,1
giftcards_8141,0.06876541397887814,0,2,1,2
giftcards_2870,0.016627971084271026,1,3,3,3
giftcards_22647,0.06355485295803232,0,2,1,2
giftcards_22155,0.03695808812760282,1,1,1,1
giftcards_19935,0.06494315271444102,0,1,1,1
giftcards_15400,0.06494315271444102,0,1,1,1
giftcards_22696,0.058593361407441084,0,1,1,1
giftcards_1600,0.048098410781101525,0,1,1,1
giftcards_18140,0.06494315271444102,0,1,0,1
giftcards_734,0.009990539036936932,1,3,2,2
giftcards_3467,0.06645120575416594,0,2,1,2
giftcards_28558,0.05478472813969227,0,2,3,2
giftcards_4170,0.061977925715708426,0,1,1,1
giftcards_23468,0.05812497192736903,0,1,1,1
giftcards_26308,0.04464075497735744,0,1,3,1
giftcards_20897,0.049697500658168574,0,1,3,1
giftcards_13257,0.024208157204519395,1,2,1,1
giftcards_25468,0.06207687676190593,0,1,1,1
giftcards_1047,0.0558670906453049,0,1,1,1
giftcards_8396,0.06494315271444102,0,1,1,1
giftcards_28912,0.06358114070866941,0,1,2,1
giftcards_1211,0.09443119546463329,0,2,1,2
giftcards_12193,0.06488992920979328,0,1,1,1
giftcards_9375,0.0964234647520223,0,2,1,2
giftcards_24525,0.06151891870188381,0,1,1,1
giftcards_16495,0.01078911677309044,1,2,1,1
giftcards_9443,0.0377087578956895,1,1,4,4
giftcards_16893,0.061653911835546256,0,1,1,1
giftcards_5925,0.06483223452023557,0,1,1,1
giftcards_22665,0.06281667943791272,0,1,1,1
giftcards_9774,0.05618516091748419,0,1,1,1
giftcards_20034,0.020189854028135737,1,2,1,1
giftcards_15604,0.09423723673799644,0,2,2,2
giftcards_25558,0.07354385418021718,0,2,1,2
giftcards_17167,0.0030688412068502757,1,2,3,3
giftcards_20453,0.04031972135038828,0,1,3,1
giftcards_10551,0.052368561236819655,0,2,2,2
giftcards_10894,0.06494315271444102,0,1,1,1
giftcards_19545,0.06494315271444102,0,1,1,1
giftcards_78,0.08701908620205576,0,2,1,2
giftcards_3222,0.031767976147277444,1,3,2,2
giftcards_27661,0.04296927222167163,0,3,1,3
giftcards_2833,0.04990425684692484,0,1,1,1
giftcards_25434,0.045040203234424425,0,2,3,2
giftcards_16862,0.06375984230197049,0,1,1,1
giftcards_27802,0.053202672924091365,0,2,2,2
giftcards_11905,0.003568635071028531,1,3,3,3
giftcards_2873,0.05078499333843725,0,1,2,1
giftcards_9582,0.07088238528563671,0,1,1,1
giftcards_12517,0.011572316301672145,1,1,1,1
giftcards_5208,0.055051805168573074,0,2,0,2
giftcards_3995,0.09518550657249883,0,2,1,2
giftcards_18326,0.04425172437166402,0,1,0,1
giftcards_10734,0.06862706763837487,0,1,1,1
giftcards_24136,0.01890699959677171,1,1,1,1
giftcards_24481,0.05283744504211427,0,1,3,1
giftcards_2074,0.05428821187685154,0,1,1,1
giftcards_15830,0.06056216129891917,0,1,1,1
giftcards_13731,0.047389011310962244,0,1,1,1
giftcards_27126,0.058681849933931524,0,2,2,2
giftcards_4304,0.03872782319685885,1,1,1,1
giftcards_5436,0.028346436237317765,1,1,3,3
giftcards_21858,0.03872782319685885,1,1,1,1
giftcards_3566,0.0427956306911744,0,1,1,1
giftcards_27920,0.0809178070892623,0,2,1,2
giftcards_5434,0.06495522787244688,0,1,1,1
giftcards_6181,0.048977661583829935,0,1,2,1
giftcards_14213,0.06032554032783544,0,1,1,1
giftcards_10870,0.05898743118384356,0,1,1,1
giftcards_22525,0.03842552314491687,1,2,3,3
giftcards_18422,0.0581502860058365,0,1,1,1
giftcards_18315,0.05914250766972121,0,1,2,1
giftcards_13968,0.038636486858275663,1,1,2,2
giftcards_4672,0.04769119842829703,0,2,1,2
giftcards_4863,0.0027413671364067416,1,1,1,1
giftcards_18041,0.0841776506176356,0,3,2,3
giftcards_24465,0.06199852887342865,0,1,1,1
giftcards_26791,0.053171072745872634,0,1,1,1
giftcards_10206,0.06494315271444102,0,1,1,1
giftcards_18178,0.06516394910419766,0,1,1,1
giftcards_12133,0.07533755196616218,0,2,3,2
giftcards_12701,0.06046385174277879,0,1,1,1
giftcards_12291,0.06642409786961095,0,1,1,1
giftcards_803,0.0386451991750793,1,2,2,2
giftcards_6679,0.06389098366408733,0,1,1,1
giftcards_6740,0.07569189889417169,0,1,1,1
giftcards_22458,0.06494315271444102,0,1,1,1
giftcards_12296,0.061084649901381495,0,1,1,1
giftcards_24092,0.05059889844165532,0,1,3,1
giftcards_20521,0.0427956306911744,0,1,1,1
giftcards_13822,0.04262019622214704,0,1,1,1
giftcards_22892,0.06652331266484407,0,1,1,1
giftcards_5049,0.06308655423115792,0,1,1,1
giftcards_25136,0.01032877793369659,1,1,1,1
giftcards_1310,0.06494315271444102,0,1,1,1
giftcards_10156,0.06300394993591482,0,1,1,1
giftcards_6903,0.028839742653690464,1,1,2,2
giftcards_28419,0.05860429008731708,0,1,1,1
giftcards_11345,0.08003497175085605,0,3,0,3
giftcards_20945,0.01624772103734938,1,1,2,2
giftcards_3362,0.03308509829076488,1,1,2,2
giftcards_18802,0.053044765152710505,0,2,2,2
giftcards_27573,0.059054340410440824,0,1,1,1
giftcards_16619,0.04233995980835004,0,1,4,1
giftcards_21795,0.08596089104375712,0,2,1,2
giftcards_17409,0.04215781475754524,0,1,1,1
giftcards_5107,0.06964341101310867,0,1,1,1
giftcards_27414,0.03872782319685885,1,1,1,1
giftcards_27904,0.06360431292897115,0,1,1,1
giftcards_8948,0.03493792666432455,1,1,3,3
giftcards_17127,0.03872782319685885,1,1,1,1
giftcards_17624,0.028239118483002493,1,1,3,3
giftcards_6281,0.03260728445438009,1,2,2,2
giftcards_1987,0.04038631494355698,0,2,4,2
giftcards_17242,0.0547095258782978,0,1,1,1
giftcards_14920,0.06195944460050962,0,1,1,1
giftcards_9898,0.028983862350953737,1,1,1,1
giftcards_15292,0.06981679931662352,0,1,2,1
giftcards_15124,0.03784256996014823,1,1,3,3
giftcards_9334,0.0011702884966078991,1,3,2,2
giftcards_18598,0.0469514824044768,0,3,3,3
giftcards_4254,0.04428147732333664,0,1,3,1
giftcards_23476,0.04925470099874166,0,1,4,1
giftcards_15324,0.029434255527129874,1,1,2,2
giftcards_8072,0.06494315271444102,0,1,1,1
giftcards_19014,0.09278018910887914,0,2,1,2
giftcards_12490,0.0572833567994945,0,1,3,1
giftcards_21661,0.06362694114213951,0,1,1,1
giftcards_18429,0.06223299275835212,0,1,1,1
giftcards_13193,0.017757411918579824,1,1,2,2
giftcards_6561,0.09433976958335412,0,2,1,2
giftcards_9526,0.062466225166117044,0,1,1,1
giftcards_16680,0.06036019905058871,0,1,1,1
giftcards_26134,0.03905729302995393,0,1,1,1
giftcards_8082,0.03765253342740183,1,1,1,1
giftcards_17174,0.01801697979046442,1,1,3,3
giftcards_25594,0.09650527438640523,0,2,1,2
giftcards_14260,0.05116677753918768,0,1,3,1
giftcards_16685,0.03740818200559082,1,2,1,1
giftcards_20600,0.03872782319685885,1,1,1,1
giftcards_24559,0.06438945165968851,0,1,1,1
giftcards_7923,0.007851700159159966,1,3,1,1
giftcards_8170,0.050361466022664364,0,1,2,1
giftcards_19159,0.03957156917053301,0,1,4,1
giftcards_9737,0.05860429008731708,0,1,1,1
giftcards_24040,0.0576807368836006,0,1,1,1
giftcards_121,0.06111275703181731,0,1,1,1
giftcards_18749,0.012821761495237102,1,2,3,3
giftcards_23918,0.017935327870486323,1,1,3,3
giftcards_11448,0.03872782319685885,1,1,1,1
giftcards_26328,0.0498890910286815,0,1,2,1
giftcards_19281,0.06494315271444102,0,1,1,1
giftcards_4752,0.09424399203567117,0,2,2,2
giftcards_8499,0.03464682151974001,1,2,4,4
giftcards_25986,0.06349300832422672,0,1,1,1
giftcards_8688,0.013353385680708457,1,1,2,2
giftcards_6857,0.06624084277120298,0,1,1,1
giftcards_18703,0.08871911229035381,0,2,2,2
giftcards_14323,0.06494315271444102,0,1,1,1
giftcards_13249,0.03293459038446127,1,1,3,3
giftcards_21414,0.08701908620205576,0,2,1,2
giftcards_3662,0.053802560854203145,0,2,3,2
giftcards_20919,0.0822938167311552,0,2,1,2
giftcards_8692,0.038221936428111274,1,1,3,3
giftcards_11676,0.09075362312479011,0,2,3,2
giftcards_9447,0.026614182694739585,1,1,1,1
giftcards_14942,0.03872782319685885,1,1,1,1
giftcards_8517,0.03695808812760282,1,1,1,1
giftcards_5250,0.029746274380110932,1,1,1,1
giftcards_26640,0.06147951253223197,0,1,1,1
giftcards_21308,0.07313819574137857,0,1,1,1
giftcards_5303,0.062327962666990054,0,1,1,1
giftcards_23971,0.04456865657464801,0,1,1,1
giftcards_15760,0.05717774641149236,0,1,3,1
giftcards_27557,0.06494315271444102,0,1,1,1
giftcards_8497,0.05022068549850409,0,1,1,1
giftcards_7371,0.013311619598491461,1,1,3,3
giftcards_316,0.05089666677001951,0,1,1,1
giftcards_14170,0.0639322813237394,0,1,1,1
giftcards_21458,0.03504323079428741,1,1,1,1
giftcards_4626,0.07947538160829709,0,1,1,1
giftcards_2929,0.05660936469684843,0,1,2,1
giftcards_20661,0.06422705668265137,0,1,4,1
giftcards_25349,0.053152945098326417,0,2,1,2
giftcards_19615,0.033659928048428184,1,1,2,2
giftcards_28805,0.056979056766196357,0,1,3,1
giftcards_21316,0.061089239065949846,0,1,1,1
giftcards_15914,0.07305911517398249,0,1,1,1
giftcards_15457,0.06306803130180622,0,1,1,1
giftcards_8700,0.09387807565438933,0,2,2,2
giftcards_14873,0.06894980597954366,0,1,1,1
giftcards_3493,0.05880894832795644,0,1,1,1
giftcards_7599,0.06552251212353472,0,2,2,2
giftcards_7268,0.06494315271444102,0,1,1,1
giftcards_27400,0.04131737642967773,0,1,2,1
giftcards_18625,0.05951289409976376,0,1,1,1
giftcards_23285,0.06494315271444102,0,1,1,1
giftcards_5802,0.048439729890639216,0,2,3,2
giftcards_7571,0.039010645038095974,0,1,3,1
giftcards_3388,0.06315083255613282,0,1,1,1
giftcards_22509,0.05878648097262423,0,1,2,1
giftcards_22096,0.059182501676317854,0,1,2,1
giftcards_23617,0.06494315271444102,0,1,1,1
giftcards_9892,0.03695808812760282,1,1,1,1
giftcards_4352,0.043209000993018,0,2,1,2
giftcards_2009,0.05962204322189992,0,1,2,1
giftcards_25174,0.06092940840994201,0,1,1,1
giftcards_6936,0.07220197739239828,0,1,1,1
giftcards_2572,0.07440365558159427,0,1,1,1
giftcards_7955,0.05585434596800767,0,1,1,1
giftcards_11897,0.061631300613789276,0,1,2,1
giftcards_15571,0.08821778824703208,0,2,1,2
giftcards_12427,0.06895667464736445,0,1,1,1
giftcards_5909,0.06814437690369426,0,1,1,1
giftcards_7675,0.0427956306911744,0,1,1,1
giftcards_15303,0.04838715712593785,0,1,1,1
giftcards_8836,0.040389279810835205,0,1,2,1
giftcards_14542,0.09160927954050696,0,2,1,2
giftcards_20032,0.035447865266189024,1,1,3,3
giftcards_25308,0.054705222620175915,0,1,2,1
giftcards_6700,0.06203279686867736,0,1,1,1
giftcards_25785,0.03891709387557599,0,1,3,1
giftcards_9409,0.07246419709053162,0,1,1,1
giftcards_15540,0.03499028467603131,1,1,4,4
giftcards_18876,0.05790539403404465,0,1,1,1
giftcards_11095,0.04707355895978943,0,1,3,1
giftcards_8726,0.06348439155034516,0,1,1,1
giftcards_19658,0.03536107387710717,1,1,2,2
giftcards_16813,0.09337667549667547,0,2,2,2
giftcards_24906,0.05165117440351055,0,1,1,1
giftcards_25250,0.057808208852576815,0,1,2,1
giftcards_27396,0.0032296233956557036,1,2,4,4
giftcards_12746,0.0427956306911744,0,1,1,1
giftcards_3082,0.0720005232238405,0,2,2,2
giftcards_17652,0.015293443193435965,1,1,3,3
giftcards_24996,0.057872657424546385,0,1,1,1
giftcards_26812,0.030999036983644215,1,1,1,1
giftcards_6166,0.04593134506505947,0,2,1,2
giftcards_10788,0.06494315271444102,0,1,1,1
giftcards_10217,0.06313551455473004,0,1,1,1
giftcards_6016,0.07529746441893545,0,1,2,1
giftcards_26632,0.06267317988019452,0,1,1,1
giftcards_19628,0.06121756565992878,0,1,1,1
giftcards_9513,0.008302169095467757,1,3,2,2
giftcards_22285,0.03981776791625075,0,1,3,1
giftcards_1475,0.09524970653145885,0,2,2,2
giftcards_21728,0.033821298172899014,1,1,1,1
giftcards_5974,0.07353667214579272,0,1,1,1
giftcards_50,0.04150344995655045,0,1,1,1
giftcards_2823,0.05790539403404465,0,1,1,1
giftcards_16747,0.06476908053519634,0,1,1,1
giftcards_14247,0.001842149019383496,1,1,4,4
giftcards_15723,0.03200805700595914,1,1,1,1
giftcards_397,0.06377730024140352,0,1,1,1
giftcards_17524,0.06494315271444102,0,1,1,1
giftcards_22512,0.044615574676175586,0,1,1,1
giftcards_18201,0.03969478722948064,0,2,2,2
giftcards_14994,0.03872782319685885,1,1,1,1
giftcards_19542,0.046883356568879216,0,1,1,1
giftcards_5556,0.06494315271444102,0,1,1,1
giftcards_27401,0.02354036054782284,1,2,1,1
giftcards_6482,0.06309811695530435,0,1,1,1
giftcards_16815,0.058681849933931524,0,2,2,2
giftcards_10988,0.06494315271444102,0,1,1,1
giftcards_28071,0.05891555228346172,0,1,2,1
giftcards_5447,0.06667587386109447,0,2,1,2
giftcards_26375,0.023728071287877142,1,1,1,1
giftcards_5339,0.06953661871595512,0,2,1,2
giftcards_22177,0.06256219815234063,0,1,1,1
giftcards_18665,0.09650527438640523,0,2,1,2
giftcards_10746,0.06089914342833488,0,1,1,1
giftcards_3908,0.062419311345023654,0,1,1,1
giftcards_24349,0.01394003452429167,1,2,2,2
giftcards_25444,0.06523033415330039,0,1,1,1
giftcards_18262,0.04005452315635755,0,2,3,2
giftcards_24188,0.053352899095899825,0,1,1,1
giftcards_26464,0.06650515109362116,0,1,1,1
giftcards_15714,0.024256927131920528,1,2,1,1
giftcards_19952,0.06091942558031199,0,1,1,1
giftcards_4915,0.016331348674731766,1,1,1,1
giftcards_28025,0.0056252309988803345,1,1,1,1
giftcards_124,0.06337683849018,0,1,1,1
giftcards_18503,0.003852414356974046,1,2,2,2
giftcards_2364,0.031922365457327684,1,2,1,1
giftcards_26005,0.07194177940607667,0,2,2,2
giftcards_1921,0.04946654176009669,0,1,3,1
giftcards_1273,0.04404795923039829,0,1,1,1
giftcards_4174,0.030957412952395028,1,1,1,1
giftcards_26489,0.0282018722342897,1,1,2,2
giftcards_21884,0.06479808779878718,0,1,1,1
giftcards_15973,0.0427956306911744,0,1,1,1
giftcards_19523,0.062145220916497046,0,1,1,1
giftcards_24844,0.05353563845956225,0,1,1,1
giftcards_25753,0.0627526445372929,0,2,1,2
giftcards_22080,0.05679738388889477,0,3,4,3
giftcards_1959,0.06856951876716441,0,1,4,1
giftcards_25335,0.05703036606792852,0,2,3,2
giftcards_15732,0.08987151359836265,0,2,2,2
giftcards_25072,0.03959172118980778,0,1,2,1
giftcards_3248,0.0852457457043251,0,3,2,3
giftcards_13776,0.06534430599844622,0,1,1,1
giftcards_483,0.060294315110803944,0,1,1,1
giftcards_12952,0.05823302902913944,0,1,1,1
giftcards_2034,0.05052937651004998,0,1,3,1
giftcards_13816,0.05499131758573956,0,1,2,1
giftcards_25417,0.05763674077117869,0,1,1,1
giftcards_27623,0.0028873783556746663,1,1,3,3
giftcards_14977,0.07058525900080631,0,1,1,1
giftcards_6327,0.06920038183731272,0,2,0,2
giftcards_14129,0.05039626077217288,0,1,3,1
giftcards_1550,0.06756305957345099,0,1,1,1
giftcards_14347,0.008080314803957503,1,1,2,2
giftcards_22439,0.0272105573528314,1,2,1,1
giftcards_12405,0.06494315271444102,0,1,1,1
giftcards_8933,0.04546582908540912,0,1,3,1
giftcards_18929,0.05527656752520687,0,1,1,1
giftcards_22903,0.05208937146594986,0,1,3,1
giftcards_14127,0.019838169371431014,1,2,2,2
giftcards_2919,0.05860429008731708,0,1,1,1
giftcards_16790,0.027992012181668552,1,1,3,3
giftcards_22226,0.015528607780227383,1,1,1,1
giftcards_4285,0.0255445918331986,1,2,3,3
giftcards_15288,0.06494315271444102,0,1,1,1
giftcards_9332,0.05860429008731708,0,1,1,1
giftcards_12520,0.049134736172500804,0,2,3,2
giftcards_13804,0.057899946029179715,0,1,2,1
giftcards_9214,0.09002855483078132,0,2,2,2
giftcards_8977,0.08665647703177137,0,2,2,2
giftcards_14023,0.06771307580102567,0,1,1,1
giftcards_8345,0.06642145829272383,0,1,3,1
giftcards_6296,0.04302144039807518,0,2,1,2
giftcards_21377,0.08389233681126869,0,2,1,2
giftcards_25573,0.04041347463054315,0,1,3,1
giftcards_1425,0.03426851128207799,1,1,3,3
giftcards_17631,0.03493664632380927,1,2,0,0
giftcards_25277,0.07691622053326459,0,1,4,1
giftcards_12136,0.03557571597881691,1,1,2,2
giftcards_6612,0.006443349225709008,1,1,2,2
giftcards_8119,0.0005620700154164576,1,3,3,3
giftcards_14508,0.058577506889500496,0,1,2,1
giftcards_4245,0.061755050099041885,0,1,1,1
giftcards_15298,0.013115351033868947,1,2,1,1
giftcards_2645,0.06027568197173295,0,1,3,1
giftcards_6214,0.06559521738856663,0,2,1,2
giftcards_12896,0.06293755106822269,0,1,1,1
giftcards_5376,0.011388788571987829,1,2,3,3
giftcards_10792,0.05974849392214294,0,1,1,1
giftcards_18270,0.09386950196052422,0,2,1,2
giftcards_25445,0.06353403423271467,0,1,1,1
giftcards_12574,0.06332201512266078,0,1,1,1
giftcards_19313,0.06494315271444102,0,1,1,1
giftcards_3470,0.05997180677180921,0,1,1,1
giftcards_12916,0.06742576334974659,0,1,1,1
giftcards_3100,0.07313819574137857,0,1,1,1
giftcards_15918,0.06147312072206548,0,1,1,1
giftcards_13464,0.020427654515558807,1,2,1,1
giftcards_14591,0.06494315271444102,0,1,1,1
giftcards_26099,0.06494315271444102,0,1,1,1
giftcards_23748,0.0427956306911744,0,1,1,1
giftcards_11866,0.05860429008731708,0,1,1,1
giftcards_27316,0.015810321853523948,1,1,1,1
giftcards_24629,0.05383017748574989,0,1,3,1
giftcards_17989,0.05489964020467972,0,1,2,1
giftcards_17987,0.05967273546346254,0,1,1,1
giftcards_5260,0.06262608763295122,0,1,1,1
giftcards_17809,0.06061128061834389,0,1,1,1
giftcards_2992,0.06494315271444102,0,1,1,1
giftcards_5630,0.06669198532201065,0,1,1,1
giftcards_5783,0.06494315271444102,0,1,1,1
giftcards_11813,0.015581194735192774,1,1,2,2
giftcards_26795,0.055101345909739946,0,1,1,1
giftcards_11991,0.022336641039042385,1,3,1,1
giftcards_8149,0.05963247218670208,0,1,1,1
giftcards_11924,0.06192220543938078,0,1,1,1
giftcards_8158,0.09486761438396771,0,2,1,2
giftcards_21040,0.0717212384960887,0,1,1,1
giftcards_16645,0.03872782319685885,1,1,1,1
giftcards_9313,0.06301789344701911,0,1,1,1
giftcards_9845,0.06494315271444102,0,1,1,1
giftcards_27882,0.06297734356806811,0,1,1,1
giftcards_16036,0.045072361839571334,0,1,1,1
giftcards_18118,0.01551003285783567,1,1,0,0
giftcards_8128,0.06494315271444102,0,1,1,1
giftcards_8291,0.06494315271444102,0,1,2,1
giftcards_4624,0.06580764538703954,0,1,1,1
giftcards_20023,0.07270787057223307,0,2,1,2
giftcards_25703,0.07060971995214681,0,2,3,2
giftcards_17211,0.08367950839354543,0,2,2,2
giftcards_28208,0.06284769507515858,0,1,1,1
giftcards_1317,0.06293259893562264,0,1,1,1
giftcards_4017,0.05620451467740822,0,1,2,1
giftcards_18317,0.09471237515646008,0,2,1,2
giftcards_24912,0.01338076136483432,1,2,1,1
giftcards_17793,0.06350097859385892,0,1,1,1
giftcards_21623,0.0486174251913285,0,1,1,1
giftcards_14816,0.06427577526562014,0,1,1,1
giftcards_22405,0.06991899543394622,0,2,0,2
giftcards_11206,0.058672057535932,0,1,1,1
giftcards_27009,0.07437694043969066,0,1,2,1
giftcards_18728,0.03872782319685885,1,1,1,1
giftcards_24984,0.06392914632170926,0,2,1,2
giftcards_25529,0.05548985940035478,0,1,1,1
giftcards_2534,0.07552989356237179,0,1,1,1
giftcards_7774,0.0809178070892623,0,2,1,2
giftcards_21912,0.004757913678815687,1,1,1,1
giftcards_16754,0.026305462013817185,1,1,1,1
giftcards_24836,0.05954036169638074,0,1,1,1
giftcards_16547,0.05898743118384356,0,1,1,1
giftcards_10255,0.06494315271444102,0,1,1,1
giftcards_4067,0.035696487627564874,1,1,2,2
giftcards_16278,0.03985150211406205,0,1,1,1
giftcards_6948,0.03220316929966262,1,1,3,3
giftcards_7243,0.06550083713938225,0,1,1,1
giftcards_15651,0.046847415245478446,0,2,1,2
giftcards_788,0.06058111814492647,0,1,1,1
giftcards_22409,0.043270066126220086,0,2,3,2
giftcards_12263,0.006494326613167581,1,1,1,1
giftcards_22280,0.06066381103648427,0,1,1,1
giftcards_16138,0.08221813939628393,0,2,1,2
giftcards_17270,0.07019118863629296,0,2,3,2
giftcards_14354,0.030897164292028656,1,2,1,1
giftcards_16536,0.04597568894677436,0,1,1,1
giftcards_27346,0.05902451897683125,0,1,1,1
giftcards_16461,0.05687442988567229,0,1,1,1
giftcards_15046,0.06055168161035132,0,1,1,1
giftcards_25263,0.021100843301705016,1,2,1,1
giftcards_16484,0.06332608111556096,0,1,1,1
giftcards_21408,0.06075357063029845,0,1,1,1
giftcards_2532,0.05868418249375101,0,1,2,1
giftcards_1048,0.0001649588441327149,1,2,2,2
giftcards_11365,0.01928816235074915,1,2,3,3
giftcards_11389,0.06494315271444102,0,1,1,1
giftcards_8862,0.023728071287877142,1,1,1,1
giftcards_850,0.051120402118765715,0,1,2,1
giftcards_263,0.05964767841859551,0,1,1,1
giftcards_12531,0.07208742950121767,0,1,1,1
giftcards_26816,0.07313819574137857,0,1,1,1
giftcards_17492,0.0427956306911744,0,1,1,1
giftcards_13522,0.043739370840539256,0,1,2,1
giftcards_28621,0.0572860569305815,0,2,2,2
giftcards_22428,0.005404089030664347,1,1,0,0
giftcards_9199,0.049859075289237414,0,1,3,1
giftcards_9070,0.06078920900650149,0,1,1,1
giftcards_12282,0.06494315271444102,0,1,1,1
giftcards_2310,0.01819238585655951,1,1,3,3
giftcards_23733,0.018632847444174677,1,2,1,1
giftcards_5511,0.04535934250113604,0,1,1,1
giftcards_10329,0.05963483964472918,0,1,1,1
giftcards_28469,0.06660480668518809,0,1,2,1
giftcards_20930,0.0600137405393795,0,1,1,1
giftcards_4741,0.052343887587390135,0,1,1,1
giftcards_3303,0.03836617584683452,1,2,1,1
giftcards_17207,0.08173498915377575,0,2,1,2
giftcards_14692,0.05390313710236481,0,1,1,1
giftcards_7746,0.006524164500735688,1,1,1,1
giftcards_16315,0.08701908620205576,0,2,1,2
giftcards_21846,0.058592512011160065,0,1,2,1
giftcards_17265,0.05843682353837435,0,1,1,1
giftcards_7131,0.09497005553300844,0,2,1,2
giftcards_25421,0.05692779622321197,0,1,1,1
giftcards_28172,0.058633852303811546,0,1,1,1
giftcards_27992,0.05898743118384356,0,1,1,1
giftcards_11734,0.052890758392913934,0,1,1,1
giftcards_14843,0.04922356408098479,0,2,4,2
giftcards_8941,0.042808301076678885,0,1,3,1
giftcards_4668,0.0044212793768001885,1,2,2,2
giftcards_9025,0.041671796972059305,0,1,1,1
giftcards_22479,0.06494315271444102,0,1,1,1
giftcards_18723,0.04280421605214268,0,1,1,1
giftcards_16226,0.05689774598778508,0,1,1,1
giftcards_14471,0.08596089104375712,0,2,1,2
giftcards_23602,0.06865244588696653,0,1,1,1
giftcards_16269,0.06494315271444102,0,1,1,1
giftcards_25035,0.06494315271444102,0,1,1,1
giftcards_17559,0.058722073529190295,0,1,4,1
giftcards_17178,0.06494315271444102,0,1,1,1
giftcards_13885,0.047407769339602446,0,2,3,2
giftcards_18154,0.062155725859292875,0,1,3,1
giftcards_10863,0.06494315271444102,0,1,1,1
giftcards_15742,0.0427956306911744,0,1,1,1
giftcards_18247,0.06494315271444102,0,1,1,1
giftcards_6292,0.06920038183731272,0,2,0,2
giftcards_11711,0.00860729080426427,1,2,2,2
giftcards_24093,0.07800750122916852,0,1,2,1
giftcards_21749,0.06258706779085872,0,1,1,1
giftcards_11259,0.020810665476348675,1,1,1,1
giftcards_27895,0.016337405452468118,1,2,1,1
giftcards_13742,0.061290768657118605,0,1,1,1
giftcards_27672,0.026585913971997194,1,2,1,1
giftcards_20451,0.055671729499495594,0,1,1,1
giftcards_617,0.053343008207338956,0,1,3,1
giftcards_22699,0.05217825492863013,0,1,3,1
giftcards_16824,0.01915490591921422,1,1,3,3
giftcards_885,0.05898835110018937,0,1,1,1
giftcards_13502,0.05301485298915442,0,1,3,1
giftcards_9893,0.04322587269782691,0,2,1,2
giftcards_1511,0.07169697953051637,0,1,1,1
giftcards_22812,0.06648383907730149,0,1,1,1
giftcards_13376,0.05215275788356769,0,2,3,2
giftcards_19834,0.05501609973677859,0,1,1,1
giftcards_12174,0.008479364268248218,1,1,3,3
giftcards_20506,0.055228905515502975,0,1,2,1
giftcards_20712,0.052829401518779906,0,3,3,3
giftcards_12989,0.06494315271444102,0,1,1,1
giftcards_12441,0.04568330114774676,0,1,3,1
giftcards_9015,0.06672872508504965,0,1,1,1
giftcards_26093,0.06494315271444102,0,1,1,1
giftcards_7237,0.06494315271444102,0,1,1,1
giftcards_13744,0.06477280786564094,0,1,1,1
giftcards_23099,0.06489727572637394,0,1,1,1
giftcards_23272,0.0427956306911744,0,1,1,1
giftcards_4154,0.06494315271444102,0,1,1,1
giftcards_27403,0.04525684201823615,0,1,3,1
giftcards_18028,0.05371044897573188,0,1,2,1
giftcards_26739,0.09670023862801981,0,2,1,2
giftcards_17919,0.04095111270002779,0,1,4,1
giftcards_13100,0.08184192128168824,0,2,1,2
giftcards_8607,0.05921814864312148,0,1,1,1
giftcards_17867,0.06494315271444102,0,1,1,1
giftcards_22113,0.04871793368344348,0,1,4,1
giftcards_12064,0.04109709166718,0,1,1,1
giftcards_24014,0.049000459568146054,0,1,1,1
giftcards_15602,0.007134143189619982,1,1,2,2
giftcards_3692,0.06461589736411197,0,1,1,1
giftcards_23770,0.061506788158116,0,1,1,1
giftcards_5229,0.07315933097187034,0,1,1,1
giftcards_13631,0.06861013146538802,0,2,3,2
giftcards_22373,0.06616912246672679,0,1,1,1
giftcards_5147,0.06494315271444102,0,1,1,1
giftcards_8388,0.06494315271444102,0,1,1,1
giftcards_448,0.06025324892773807,0,1,1,1
giftcards_9400,0.08281835282644341,0,2,1,2
giftcards_23324,0.05911530829409264,0,1,1,1
giftcards_21217,0.04936830384271353,0,1,1,1
giftcards_991,0.022771991426326924,1,2,2,2
giftcards_9961,0.0351750802069483,1,1,3,3
giftcards_24922,0.05916325943243491,0,3,2,3
giftcards_6711,0.06451262499299504,0,1,1,1
giftcards_24172,0.035875298168936504,1,2,3,3
giftcards_9309,0.06671147558093568,0,1,1,1
giftcards_20865,0.06494315271444102,0,1,1,1
giftcards_19022,0.036086833550541875,1,2,3,3
giftcards_8833,0.023667176994898245,1,1,1,1
giftcards_20014,0.06318346671195907,0,1,1,1
giftcards_28430,0.08657845907549383,0,2,1,2
giftcards_11474,0.0473244765838823,0,1,3,1
giftcards_6590,0.010947874227667104,1,2,2,2
giftcards_12416,0.02029389808643718,1,1,1,1
giftcards_14250,0.020541564467472823,1,1,4,4
giftcards_17089,0.05504551709281758,0,1,1,1
giftcards_17066,0.06494315271444102,0,1,1,1
giftcards_13351,0.022289561070266153,1,1,1,1
giftcards_19186,0.09518550657249883,0,2,1,2
giftcards_27199,0.060913597426705,0,1,1,1
giftcards_7965,0.06187928951804975,0,1,1,1
giftcards_4573,0.05644096777902428,0,2,3,2
giftcards_14084,0.05531010701660491,0,1,1,1
giftcards_5406,0.06518623713733887,0,1,1,1
giftcards_24841,0.04752189029707823,0,1,1,1
giftcards_28951,0.05461368353063293,0,1,1,1
giftcards_27435,0.03671205287242037,1,2,3,3
giftcards_3156,0.06494315271444102,0,1,1,1
giftcards_2212,0.05387250289757397,0,2,3,2
giftcards_4755,0.06750858603057702,0,1,1,1
giftcards_20217,0.0631940948047087,0,1,1,1
giftcards_20893,0.07277264452399203,0,1,1,1
giftcards_26781,0.061509241829255296,0,1,1,1
giftcards_14790,0.05463531368159135,0,1,1,1
giftcards_7600,0.046473336647587626,0,2,2,2
giftcards_4726,0.037419112634897805,1,1,1,1
giftcards_4524,0.03348809237384917,1,1,3,3
giftcards_7933,0.05898835110018937,0,1,1,1
giftcards_18486,0.08701908620205576,0,2,1,2
giftcards_6896,0.06801275715918373,0,2,3,2
giftcards_19757,0.07576634789133566,0,1,1,1
giftcards_16900,0.06188801593600989,0,1,1,1
giftcards_18603,0.060762180417641566,0,1,1,1
giftcards_11035,0.03872782319685885,1,1,1,1
giftcards_8651,0.04951335530642099,0,1,3,1
giftcards_24722,0.05914762832171248,0,1,3,1
giftcards_9658,0.04809496874313514,0,1,1,1
giftcards_564,0.056614295618755146,0,1,3,1
giftcards_14092,0.05898743118384356,0,1,1,1
giftcards_16439,0.04101706461563169,0,1,2,1
giftcards_13966,0.06261826219650987,0,1,1,1
giftcards_16576,0.03980364701633035,0,1,2,1
giftcards_5014,0.03106441542086201,1,1,2,2
giftcards_6076,0.05901357598480214,0,1,2,1
giftcards_25577,0.06494315271444102,0,1,1,1
giftcards_17923,0.00490518365668606,1,1,0,0
giftcards_3548,0.06494315271444102,0,1,1,1
giftcards_13173,0.06990740411397238,0,1,1,1
giftcards_21709,0.0611369254419031,0,1,1,1
giftcards_17249,0.03145768729412886,1,1,2,2
giftcards_8191,0.0201758751338212,1,1,1,1
giftcards_19425,0.024592144344043554,1,3,2,2
giftcards_16846,0.06958749828444401,0,1,3,1
giftcards_20198,0.04443208226046664,0,1,1,1
giftcards_17886,0.06494315271444102,0,1,1,1
giftcards_1668,0.043926526028861,0,1,1,1
giftcards_5502,0.03728013609344884,1,1,1,1
giftcards_18191,0.0385565701166683,1,1,1,1
giftcards_7247,0.03632687895854807,1,2,3,3
giftcards_11203,0.06494315271444102,0,1,1,1
giftcards_19507,0.06494315271444102,0,1,1,1
giftcards_18481,0.05197305982173967,0,1,2,1
giftcards_11400,0.06180801576088543,0,1,1,1
giftcards_18243,0.015106905375003171,1,2,4,4
giftcards_5281,0.0018088250676344952,1,2,1,1
giftcards_24728,0.06920038183731272,0,2,0,2
giftcards_26767,0.011363514590459992,1,3,1,1
giftcards_13175,0.02468764475722636,1,3,1,1
giftcards_21106,0.06281112089316614,0,1,1,1
giftcards_10497,0.06262749338773616,0,1,1,1
giftcards_16922,0.06494315271444102,0,1,1,1
giftcards_19209,0.04649866152459431,0,1,4,1
giftcards_15230,0.023089213994980887,1,2,2,2
giftcards_6206,0.06494315271444102,0,1,1,1
giftcards_21837,0.09650527438640523,0,2,1,2
giftcards_7609,0.06163103174334966,0,1,2,1
giftcards_16869,0.06806559472604315,0,1,1,1
giftcards_10030,0.03483444681583801,1,1,2,2
giftcards_23934,0.024248961724743487,1,1,1,1
giftcards_8196,0.03174185108742103,1,1,1,1
giftcards_21917,0.057772930836533315,0,1,1,1
giftcards_16061,0.05428821187685154,0,1,1,1
giftcards_19365,0.0562494336039843,0,1,1,1
giftcards_3587,0.054501775804333914,0,1,1,1
giftcards_17205,0.008254482148355807,1,2,1,1
giftcards_23216,0.02553968930565287,1,2,3,3
giftcards_19512,0.06053012806172751,0,1,1,1
giftcards_2069,0.023557651532598076,1,1,1,1
giftcards_18460,0.05951064292512561,0,1,1,1
giftcards_5669,0.052744721714274675,0,1,4,1
giftcards_19373,0.07993409459882768,0,1,1,1
giftcards_11126,0.06117451951057715,0,1,3,1
giftcards_8290,0.06838182378083638,0,1,1,1
giftcards_889,0.06494315271444102,0,1,1,1
giftcards_4918,0.06049213697162259,0,1,1,1
giftcards_26466,0.08740549878199871,0,2,2,2
giftcards_4714,0.09471237515646008,0,2,1,2
giftcards_4705,0.06103686610924219,0,1,1,1
giftcards_22545,0.07257360979066359,0,1,1,1
giftcards_19052,0.06494315271444102,0,1,1,1
giftcards_17436,0.01686158988438846,1,3,2,2
giftcards_5677,0.08378521259275223,0,2,2,2
giftcards_11270,0.06818747461267313,0,1,1,1
giftcards_14964,0.02408738444782811,1,1,1,1
giftcards_17106,0.06010877498094973,0,1,1,1
giftcards_4702,0.07073460389214943,0,1,1,1
giftcards_7782,0.0005536737416722143,1,1,3,3
giftcards_5381,0.07433127328740373,0,1,4,1
giftcards_13704,0.06494315271444102,0,1,1,1
giftcards_10443,0.04978692778293476,0,1,1,1
giftcards_3277,0.048244434901930144,0,1,3,1
giftcards_7231,0.009170049968805119,1,1,1,1
giftcards_22694,0.02789165566020206,1,1,2,2
giftcards_19787,0.062459140171610715,0,1,1,1
giftcards_1853,0.0663900402604122,0,1,1,1
giftcards_28870,0.060955733623697654,0,1,1,1
giftcards_20399,0.07021796547929364,0,1,1,1
giftcards_8298,0.06494315271444102,0,1,1,1
giftcards_3677,0.06404054041901566,0,1,1,1
giftcards_3581,0.007372029577392428,1,1,3,3
giftcards_19312,0.06530100757683607,0,2,3,2
giftcards_9174,0.06494315271444102,0,1,1,1
giftcards_2804,0.06494315271444102,0,1,1,1
giftcards_3113,0.0645054501585752,0,1,1,1
giftcards_15733,0.029705817281447028,1,3,2,2
giftcards_16775,0.054684558950910796,0,1,2,1
giftcards_8161,0.053147542175606376,0,2,1,2
giftcards_5739,0.06116049683715872,0,1,1,1
giftcards_6034,0.0356109247761601,1,1,3,3
giftcards_18676,0.07411816657227245,0,2,2,2
giftcards_8464,0.03166028667975242,1,1,1,1
giftcards_10339,0.06227528016153003,0,2,1,2
giftcards_28493,0.04046836027625512,0,1,1,1
giftcards_9677,0.092189740987217,0,2,1,2
giftcards_12587,0.06494315271444102,0,1,1,1
giftcards_2982,0.07171977198808993,0,1,1,1
giftcards_10708,0.034706525061795765,1,1,3,3
giftcards_10548,0.06475984875372567,0,1,0,1
giftcards_11057,0.05328850709392338,0,1,1,1
giftcards_5377,0.06635255715792711,0,1,1,1
giftcards_15537,0.04096839654477443,0,1,3,1
giftcards_18814,0.06494315271444102,0,1,1,1
giftcards_19486,0.06784494102122103,0,1,1,1
giftcards_22364,0.03882486071573796,0,2,4,2
giftcards_2168,0.053175715640291,0,1,3,1
giftcards_13649,0.04960338733046638,0,1,1,1
giftcards_22407,0.05878285799376351,0,1,1,1
giftcards_10971,0.057651467894074986,0,1,1,1
giftcards_24309,0.08701908620205576,0,2,1,2
giftcards_24569,0.034754466508134865,1,1,1,1
giftcards_15692,0.09223593482607026,0,2,2,2
giftcards_13408,0.018424013947529683,1,1,1,1
giftcards_12539,0.06920038183731272,0,2,0,2
giftcards_6509,0.04582573612964333,0,1,4,1
giftcards_2021,0.05943945075243942,0,1,3,1
giftcards_3520,0.03508440986754281,1,1,3,3
giftcards_7036,0.008382835377310174,1,2,2,2
giftcards_24523,0.03995142620233893,0,1,2,1
giftcards_27109,0.06235899576769152,0,1,1,1
giftcards_19484,0.036518459378789905,1,1,1,1
giftcards_13753,0.06590576456527109,0,1,3,1
giftcards_4496,0.06632155501888604,0,1,1,1
giftcards_18042,0.05429682384886702,0,1,1,1
giftcards_3786,0.06526717165924223,0,1,1,1
giftcards_21657,0.05836460739692111,0,1,1,1
giftcards_249,0.028447760257636484,1,2,1,1
giftcards_2714,0.013997878389064994,1,2,2,2
giftcards_24588,0.062429500384731156,0,1,1,1
giftcards_18266,0.06494315271444102,0,1,1,1
giftcards_3940,0.09169126359240463,0,2,2,2
giftcards_8913,0.02570436239837416,1,1,3,3
giftcards_8353,0.07309910655600416,0,1,1,1
giftcards_16996,0.04536311712622341,0,1,3,1
giftcards_5169,0.03872782319685885,1,1,1,1
giftcards_3352,0.0809178070892623,0,2,1,2
giftcards_2233,0.048264432611120234,0,1,1,1
giftcards_9158,0.0008113021576145601,1,4,3,3
giftcards_7732,0.04568390297349236,0,1,1,1
giftcards_18819,0.06729588561175553,0,1,1,1
giftcards_25303,0.06071774698907272,0,1,1,1
giftcards_8106,0.05345446070649193,0,1,1,1
giftcards_17092,0.06494315271444102,0,1,1,1
giftcards_9444,0.0918655892460593,0,2,2,2
giftcards_16296,0.06494315271444102,0,1,1,1
giftcards_3012,0.04626986093605857,0,1,3,1
giftcards_1001,0.04128385081425773,0,2,2,2
giftcards_10338,0.06227528016153003,0,2,1,2
giftcards_18365,0.06960618005505509,0,1,2,1
giftcards_24850,0.0703342322649091,0,1,1,1
giftcards_19290,0.07824299522722813,0,1,1,1
giftcards_21201,0.07061538022001651,0,1,1,1
giftcards_26061,0.06494315271444102,0,1,1,1
giftcards_18272,0.06494315271444102,0,1,1,1
giftcards_21570,0.03695808812760282,1,1,1,1
giftcards_27427,0.05847731760316403,0,1,1,1
giftcards_7539,0.06591150556674746,0,1,1,1
giftcards_22087,0.06652788907106069,0,1,1,1
giftcards_15057,0.0052154139692903445,1,2,1,1
giftcards_24619,0.04828581256836892,0,1,3,1
giftcards_18218,0.0721351963023098,0,2,2,2
giftcards_12955,0.09164020468039218,0,3,2,3
giftcards_4815,0.058227324315300276,0,1,1,1
giftcards_1051,0.05940636108013825,0,2,1,2
giftcards_26374,0.06494315271444102,0,1,1,1
giftcards_13619,0.03809582532958838,1,1,1,1
giftcards_2405,0.05660883614381501,0,2,1,2
giftcards_15055,0.06119541249300752,0,1,1,1
giftcards_28422,0.039324361481210546,0,2,2,2
giftcards_26473,0.017717177044262747,1,2,3,3
giftcards_7593,0.08442412003439781,0,2,2,2
giftcards_14861,0.006445218558683435,1,1,3,3
giftcards_21825,0.032114852505800526,1,1,3,3
giftcards_21624,0.04176125352304188,0,1,1,1
giftcards_13488,0.04498829881356997,0,1,1,1
giftcards_9093,0.08616892034331901,0,3,0,3
giftcards_5904,0.04149867738829663,0,2,2,2
giftcards_14717,0.005539219757457997,1,1,3,3
giftcards_17013,0.0003202760056561921,1,1,1,1
giftcards_26320,0.06542832586343686,0,2,1,2
giftcards_6673,0.018079952834571464,1,2,1,1
giftcards_24199,0.010665901176203627,1,2,1,1
giftcards_22100,0.06585416513925596,0,1,1,1
giftcards_22165,0.095197723406689,0,2,2,2
giftcards_4055,0.0006769959229375316,1,1,3,3
giftcards_20339,0.06249011566697613,0,1,1,1
giftcards_23831,0.04648048643131981,0,1,3,1
giftcards_22518,0.03872782319685885,1,1,1,1
giftcards_17322,0.04707543723399866,0,1,1,1
giftcards_25919,0.0427956306911744,0,1,1,1
giftcards_7889,0.06832785433296096,0,2,1,2
giftcards_12733,0.055311747533492106,0,3,1,3
giftcards_4115,0.06494315271444102,0,1,1,1
giftcards_25011,0.05651886326648716,0,1,1,1
giftcards_17505,0.038671036539546816,1,1,1,1
giftcards_11149,0.06689738708053419,0,1,2,1
giftcards_22769,0.038788160611673145,0,1,1,1
giftcards_26202,0.05585434596800767,0,1,1,1
giftcards_8477,0.06516653367780839,0,1,1,1
giftcards_12320,0.058543800254541735,0,1,1,1
giftcards_23110,0.06120979930994989,0,1,1,1
giftcards_5499,0.07391947145357815,0,1,1,1
giftcards_27365,0.024887665079584106,1,3,2,2
giftcards_5641,0.019388365575656014,1,3,4,4
giftcards_6871,0.010706979893476493,1,1,1,1
giftcards_28437,0.0611224603791336,0,1,1,1
giftcards_11140,0.06494315271444102,0,1,1,1
giftcards_11433,0.043819315493030336,0,2,3,2
giftcards_12382,0.016389454244920276,1,3,2,2
giftcards_15280,0.06494315271444102,0,1,1,1
giftcards_27733,0.09423529620963957,0,2,1,2
giftcards_20641,0.041213078709935284,0,1,4,1
giftcards_7977,0.04547078064676772,0,1,2,1
giftcards_20744,0.053213121813286496,0,1,2,1
giftcards_27821,0.01572224743196418,1,2,1,1
giftcards_15086,0.08367950839354543,0,2,2,2
giftcards_17579,0.06642507617322346,0,1,1,1
giftcards_19243,0.015602720037360004,1,2,1,1
giftcards_19722,0.060904890291170403,0,1,1,1
giftcards_18984,0.05087520641735433,0,1,1,1
giftcards_385,0.06494315271444102,0,1,1,1
giftcards_7924,0.07611466636488658,0,1,1,1
giftcards_15968,0.0537971314322187,0,1,2,1
giftcards_10790,0.04534372921009016,0,2,2,2
giftcards_3930,0.06102534150855075,0,1,1,1
giftcards_4399,0.06028219056306343,0,1,1,1
giftcards_19199,0.0007708475634491535,1,2,2,2
giftcards_9344,0.06494315271444102,0,1,1,1
giftcards_8937,0.07105308315347125,0,2,1,2
giftcards_35,0.06494315271444102,0,1,1,1
giftcards_6413,0.01817049469139101,1,1,3,3
giftcards_9398,0.06058111814492647,0,1,1,1
giftcards_1197,0.008541036109613237,1,1,1,1
giftcards_19831,0.03582825469980916,1,3,1,1
giftcards_6062,0.009587036878766858,1,1,2,2
giftcards_182,0.04727410187991437,0,1,1,1
giftcards_8288,0.07544795673200896,0,1,1,1
giftcards_22820,0.06486357190621544,0,1,1,1
giftcards_17857,0.06323611599120982,0,1,1,1
giftcards_38,0.05097395758484202,0,1,1,1
giftcards_7104,0.06156214387280964,0,1,1,1
giftcards_10735,0.0651764797664271,0,1,2,1
giftcards_6305,0.053658373744904675,0,2,1,2
giftcards_12187,0.06912270437061306,0,1,1,1
giftcards_28746,0.0427956306911744,0,1,1,1
giftcards_3857,0.06988700904531217,0,1,1,1
giftcards_1413,0.055311747533492106,0,3,1,3
giftcards_23077,0.04684820010072785,0,1,1,1
giftcards_1983,0.028762186695302575,1,1,1,1
giftcards_23772,0.0060892676107076465,1,2,1,1
giftcards_2855,0.0570325563377084,0,1,1,1
giftcards_12859,0.06287246989122305,0,1,1,1
giftcards_7650,0.06063413164010643,0,1,1,1
giftcards_21848,0.04282750243143224,0,1,1,1
giftcards_25881,0.06672872508504965,0,1,1,1
giftcards_22684,0.06678899812750866,0,2,1,2
giftcards_17250,0.03237722603717828,1,1,1,1
giftcards_23456,0.00813244960730422,1,1,3,3
giftcards_18385,0.05154186323099025,0,2,2,2
giftcards_17499,0.0427956306911744,0,1,1,1
giftcards_19288,0.05479116118739566,0,1,3,1
giftcards_21009,0.06528897973461756,0,1,1,1
giftcards_24696,0.01414304620637917,1,1,4,4
giftcards_13800,0.07086412296715992,0,2,3,2
giftcards_8525,0.06690834690657338,0,1,1,1
giftcards_16593,0.033444620532271124,1,2,3,3
giftcards_10824,0.06328820459383575,0,1,3,1
giftcards_1099,0.03704290433446614,1,1,3,3
giftcards_19030,0.05570509774927154,0,2,4,2
giftcards_17038,0.06494315271444102,0,1,1,1
giftcards_3686,0.06494315271444102,0,1,1,1
giftcards_3138,0.05786114963766495,0,3,1,3
giftcards_7976,0.017831860123514717,1,3,1,1
giftcards_17736,0.036091191324694766,1,2,3,3
giftcards_18426,0.06007245064239863,0,1,1,1
giftcards_910,0.02548582541392798,1,2,1,1
giftcards_25706,0.09471237515646008,0,2,1,2
giftcards_24353,0.010022284495624575,1,1,4,4
giftcards_8989,0.049798380572069444,0,1,1,1
giftcards_13814,0.04988472015092471,0,1,1,1
giftcards_24813,0.01602834196915058,1,1,3,3
giftcards_154,0.06471085807982538,0,1,1,1
giftcards_11496,0.03872782319685885,1,1,1,1
giftcards_1333,0.0648546074768323,0,1,1,1
giftcards_1483,0.06401420336811939,0,1,1,1
giftcards_28986,0.09514298395808922,0,2,2,2
giftcards_9994,0.03573479711915831,1,1,1,1
giftcards_1027,0.01029701795546209,1,1,1,1
giftcards_15101,0.06330100019967447,0,1,1,1
giftcards_877,0.05594536803743506,0,1,2,1
giftcards_21841,0.048636108580052045,0,1,2,1
giftcards_26423,0.05058513986940799,0,2,2,2
giftcards_24238,0.04977422837504783,0,1,4,1
giftcards_22553,0.03872782319685885,1,1,1,1
giftcards_24153,0.09274325555599662,0,2,2,2
giftcards_194,0.03149942288378202,1,1,2,2
giftcards_27007,0.09383188505808851,0,2,2,2
giftcards_27872,0.06494315271444102,0,1,1,1
giftcards_12675,0.05482930893136989,0,1,1,1
giftcards_21012,0.047772782564271386,0,1,1,1
giftcards_2254,0.04493890496828696,0,1,1,1
giftcards_14142,0.06812022230702547,0,2,3,2
giftcards_7164,0.08184192128168824,0,2,1,2
giftcards_4068,0.06666858908030687,0,1,3,1
giftcards_5096,0.0191471023612525,1,1,1,1
giftcards_12364,0.06026285591206945,0,1,2,1
giftcards_20732,0.01646015504962943,1,2,1,1
giftcards_12893,0.09337667549667547,0,2,2,2
giftcards_2246,0.09414864357584354,0,2,2,2
giftcards_15179,0.016033270653376383,1,2,1,1
giftcards_11838,0.06494315271444102,0,1,1,1
giftcards_17501,0.01988408690737023,1,2,2,2
giftcards_20634,0.02445047348098349,1,1,2,2
giftcards_13360,0.06191895229316583,0,1,1,1
giftcards_17284,0.06920038183731272,0,2,0,2
giftcards_7830,0.06952948133123481,0,1,1,1
giftcards_18106,0.028082334539261733,1,2,4,4
giftcards_23281,0.03695808812760282,1,1,1,1
giftcards_21285,0.03069478850660365,1,2,3,3
giftcards_10493,0.037169078681955875,1,1,1,1
giftcards_4165,0.0038258943702113857,1,2,1,1
giftcards_12059,0.059534430808529694,0,1,1,1
giftcards_26687,0.05356290975630527,0,1,1,1
giftcards_11352,0.0630235600671337,0,1,1,1
giftcards_26110,0.07169729664130269,0,1,1,1
giftcards_18386,0.04566238289958327,0,1,3,1
giftcards_17272,0.06494315271444102,0,1,1,1
giftcards_3729,0.019819045042947542,1,2,2,2
giftcards_26075,0.06494315271444102,0,1,1,1
giftcards_25236,0.06097180308801484,0,2,2,2
giftcards_945,0.08701908620205576,0,2,1,2
giftcards_16072,0.07313819574137857,0,1,1,1
giftcards_19776,0.06021861339623262,0,1,1,1
giftcards_23376,0.0166676417924638,1,2,1,1
giftcards_27849,0.05463531368159135,0,1,1,1
giftcards_23124,0.0427956306911744,0,1,1,1
giftcards_13815,0.021178002944612875,1,1,1,1
giftcards_5929,0.06494315271444102,0,1,1,1
giftcards_143,0.07476298302835648,0,1,1,1
giftcards_28858,0.06494315271444102,0,1,1,1
giftcards_24916,0.08877588695067419,0,2,1,2
giftcards_8198,0.02269832036351646,1,2,1,1
giftcards_18302,0.052035399184023085,0,1,3,1
giftcards_8420,0.03253554079700789,1,1,3,3
giftcards_17060,0.058602406631871384,0,1,1,1
giftcards_3318,0.039214768997834805,0,1,2,1
giftcards_23809,0.08938819633719354,0,2,1,2
giftcards_3917,0.056448692148895314,0,1,1,1
giftcards_5611,0.016395472152050644,1,2,1,1
giftcards_11859,0.06998440604246413,0,1,1,1
giftcards_24284,0.017870107519218678,1,1,4,4
giftcards_6505,0.07931541513006343,0,2,3,2
giftcards_19652,0.054144841134121026,0,1,1,1
giftcards_23760,0.06494315271444102,0,1,1,1
giftcards_5727,0.05464950395252761,0,1,1,1
giftcards_18152,0.08537731916766554,0,2,0,2
giftcards_6023,0.060821563939654384,0,1,1,1
giftcards_5070,0.08739987294082299,0,2,2,2
giftcards_1221,0.06104254230959952,0,1,1,1
giftcards_24094,0.012236727098108718,1,3,0,0
giftcards_27998,0.0427956306911744,0,1,1,1
giftcards_10446,0.06494315271444102,0,1,1,1
giftcards_7328,0.060702709374615214,0,1,1,1
giftcards_8457,0.05675999753274414,0,1,1,1
giftcards_12739,0.06353619739750749,0,1,1,1
giftcards_20264,0.01831881629559258,1,1,1,1
giftcards_10459,0.07051798312307152,0,1,1,1
giftcards_26983,0.06340372050909088,0,1,1,1
giftcards_5723,0.09370670516598141,0,2,2,2
giftcards_696,0.07488972951719627,0,1,1,1
giftcards_15584,0.067293543606709,0,1,2,1
giftcards_17799,0.02703343840835644,1,1,1,1
giftcards_10362,0.07014050558366035,0,1,1,1
giftcards_3893,0.06952575067458065,0,1,1,1
giftcards_25893,0.02851919623068057,1,1,1,1
giftcards_19328,0.09423529620963957,0,2,1,2
giftcards_3016,0.015553410495695655,1,2,3,3
giftcards_11245,0.05808873250031805,0,1,1,1
giftcards_10191,0.06494315271444102,0,1,1,1
giftcards_678,0.02754024825104183,1,1,3,3
giftcards_4479,0.07267006775851352,0,1,1,1
giftcards_3585,0.061740963284380966,0,1,1,1
giftcards_8961,0.05490949241648831,0,1,3,1
giftcards_24638,0.059633760239608084,0,1,1,1
giftcards_28729,0.054440989668699,0,1,2,1
giftcards_8572,0.062460755724095963,0,1,1,1
giftcards_25077,0.0483691707165734,0,1,0,1
giftcards_19594,0.059534856678555625,0,1,4,1
giftcards_10021,0.056467570523973894,0,1,1,1
giftcards_4768,0.06141169886257188,0,1,1,1
giftcards_5411,0.04807049534556237,0,1,3,1
giftcards_12735,0.03847246098207804,1,1,2,2
giftcards_19601,0.01150592991240837,1,2,1,1
giftcards_18897,0.06180055281045079,0,1,1,1
giftcards_13959,0.016621434650222935,1,1,1,1
giftcards_18274,0.06232347863360307,0,1,1,1
giftcards_8279,0.06165411306419082,0,1,1,1
giftcards_12119,0.04409515575490269,0,2,1,2
giftcards_11782,0.03400862273690712,1,1,1,1
giftcards_15427,0.07234623825899254,0,1,1,1
giftcards_1476,0.009386328727305618,1,3,1,1
giftcards_16125,0.06494315271444102,0,1,1,1
giftcards_24731,0.006915467202647171,1,2,1,1
giftcards_24914,0.06494315271444102,0,1,1,1
giftcards_3202,0.06494315271444102,0,1,1,1
giftcards_11209,0.009275558061584074,1,2,1,1
giftcards_7143,0.051777409730640274,0,1,1,1
giftcards_26822,0.06494315271444102,0,1,1,1
giftcards_7755,0.05099097893026089,0,2,1,2
giftcards_10810,0.06419334379220673,0,1,1,1
giftcards_3944,0.06590897077300853,0,1,1,1
giftcards_19437,0.05152279275380781,0,1,1,1
giftcards_18335,0.05202165640987963,0,1,1,1
giftcards_17201,0.05790474596334169,0,1,2,1
giftcards_22217,0.05982645151700058,0,1,1,1
giftcards_2907,0.03980062020087272,0,1,1,1
giftcards_6,0.018999188731025712,1,2,1,1
giftcards_21599,0.0427956306911744,0,1,1,1
giftcards_7326,0.06425782255832455,0,1,1,1
giftcards_20243,0.07342457468108593,0,1,1,1
giftcards_18200,0.06494315271444102,0,1,1,1
giftcards_18342,0.012205854062879357,1,1,3,3
giftcards_2492,0.0776714060082596,0,2,1,2
giftcards_17319,0.05811539500786545,0,1,4,1
giftcards_26019,0.06672872508504965,0,1,1,1
giftcards_3919,0.06362460219633992,0,1,1,1
giftcards_23127,0.04813032167075082,0,2,2,2
giftcards_6002,0.05916140918346508,0,1,4,1
giftcards_4619,0.02418280941473358,1,1,1,1
giftcards_11687,0.07069327452585636,0,1,1,1
giftcards_7437,0.029822645791368757,1,1,3,3
giftcards_9735,0.0226934217858646,1,1,2,2
giftcards_26511,0.07204804872202726,0,1,1,1
giftcards_28647,0.06838612268994472,0,1,1,1
giftcards_19733,0.07608774602942824,0,2,2,2
giftcards_7485,0.06225941407164831,0,1,1,1
giftcards_1266,0.03158693723414517,1,1,1,1
giftcards_16279,0.08865266969582589,0,2,2,2
giftcards_86,0.06265152937383361,0,1,1,1
giftcards_20879,0.06930785416141455,0,2,1,2
giftcards_19981,0.05949504887318504,0,1,4,1
giftcards_3922,0.06232984296489676,0,1,1,1
giftcards_8505,0.061700110249042636,0,1,1,1
giftcards_23626,0.07097761792057132,0,1,1,1
giftcards_13244,0.04365010822337594,0,1,3,1
giftcards_13667,0.03732593074880143,1,1,2,2
giftcards_2499,0.0586970683061003,0,1,1,1
giftcards_989,0.08367950839354543,0,2,2,2
giftcards_12734,0.05383552887567992,0,1,1,1
giftcards_12624,0.06129803286186664,0,1,1,1
giftcards_1652,0.008843126322881062,1,3,1,1
giftcards_11436,0.03200624660858788,1,1,3,3
giftcards_4505,0.0626398282374894,0,1,1,1
giftcards_10114,0.07686868839767363,0,1,1,1
giftcards_6120,0.06968591131503331,0,1,1,1
giftcards_13002,0.06494315271444102,0,1,1,1
giftcards_25600,0.05471218141214924,0,1,3,1
giftcards_17428,0.06298227721878374,0,1,1,1
giftcards_1311,0.05718398253262017,0,1,1,1
giftcards_16436,0.06313412979282088,0,1,1,1
giftcards_26815,0.004036597443900794,1,3,2,2
giftcards_10227,0.008483417443317556,1,1,1,1
giftcards_8064,0.0601828848393661,0,1,1,1
giftcards_25999,0.07388184401197985,0,1,1,1
giftcards_4871,0.037479066404701306,1,1,0,0
giftcards_10212,0.07365252365192852,0,2,3,2
giftcards_20002,0.06220220031865987,0,1,1,1
giftcards_5586,0.06075357063029845,0,1,1,1
giftcards_10737,0.01903962454891836,1,2,1,1
giftcards_12257,0.05434679698792761,0,1,2,1
giftcards_15318,0.03426570157783661,1,1,0,0
giftcards_2500,0.040529646837432064,0,1,3,1
giftcards_28541,0.05512428771865265,0,1,2,1
giftcards_27621,0.007896180526875546,1,3,2,2
giftcards_25081,0.04866211283014596,0,1,2,1
giftcards_10932,0.055316547346781104,0,1,1,1
giftcards_26792,0.06583415746066369,0,1,1,1
giftcards_27729,0.047290880406143515,0,2,3,2
giftcards_14867,0.07311830917681957,0,1,1,1
giftcards_21610,0.05957333803692794,0,1,1,1
giftcards_23418,0.08219911988258696,0,2,1,2
giftcards_23878,0.029467028605404025,1,1,1,1
giftcards_4411,0.08942678386960913,0,2,2,2
giftcards_12945,0.026684003689413635,1,1,2,2
giftcards_26484,0.06198449437781687,0,1,1,1
giftcards_24721,0.03729611884007274,1,1,3,3
giftcards_16324,0.06550102183095594,0,1,1,1
giftcards_27598,0.07125911937786324,0,1,1,1
giftcards_6788,0.047773726279514594,0,1,1,1
giftcards_27213,0.0033157924700829705,1,2,3,3
giftcards_23135,0.05733102291040181,0,1,1,1
giftcards_21687,0.01624772103734938,1,1,2,2
giftcards_24734,0.07727188709386684,0,1,1,1
giftcards_17929,0.08427876939195648,0,2,1,2
giftcards_3886,0.05207523304080483,0,2,1,2
giftcards_25962,0.07521394755662945,0,1,1,1
giftcards_13792,0.06637603364077843,0,1,1,1
giftcards_22540,0.03640752914482723,1,1,1,1
giftcards_3323,0.03051105314823359,1,1,3,3
giftcards_10270,0.04599938121570458,0,1,2,1
giftcards_23431,0.09146622808434436,0,2,3,2
giftcards_13710,0.03310113599581635,1,3,4,4
giftcards_176,0.05423382245782679,0,1,1,1
giftcards_22279,0.04286223561740868,0,1,2,1
giftcards_16663,0.06494315271444102,0,1,1,1
giftcards_6595,0.028963141315363275,1,1,1,1
giftcards_14054,0.031082893188985314,1,3,3,3
giftcards_1684,0.04429255290281741,0,1,3,1
giftcards_4651,0.028244914549059558,1,2,1,1
giftcards_24156,0.0925529842835621,0,2,2,2
giftcards_20564,0.029260208603075294,1,2,1,1
giftcards_26988,0.05860429008731708,0,1,1,1
giftcards_19977,0.022735294154315785,1,3,2,2
giftcards_17023,0.0346645297810656,1,2,2,2
giftcards_23484,0.05434062003502362,0,1,1,1
giftcards_21952,0.048193446267007896,0,1,4,1
giftcards_12704,0.061101156480805836,0,1,1,1
giftcards_23228,0.0427956306911744,0,1,1,1
giftcards_18941,0.07088020390569442,0,1,1,1
giftcards_6335,0.06165650403009928,0,1,2,1
giftcards_5199,0.020477702657822908,1,2,3,3
giftcards_19859,0.01644640510489956,1,1,1,1
giftcards_10542,0.053849996735066845,0,1,1,1
giftcards_11129,0.07678748990555283,0,2,3,2
giftcards_2807,0.08825599404302825,0,2,1,2
giftcards_15300,0.06572752282584324,0,1,1,1
giftcards_6531,0.052349767183079564,0,1,2,1
giftcards_24870,0.054291314286506236,0,1,3,1
giftcards_17095,0.045161987116467996,0,1,3,1
giftcards_2971,0.07428023051952139,0,2,2,2
giftcards_433,0.0427956306911744,0,1,1,1
giftcards_10635,0.06343488237944736,0,2,3,2
giftcards_15071,0.024743228382979293,1,1,1,1
giftcards_16681,0.013929311343755316,1,1,1,1
giftcards_25376,0.09247522522710819,0,2,2,2
giftcards_9047,0.031465808197434025,1,2,1,1
giftcards_2668,0.05489981316292931,0,1,1,1
giftcards_26837,0.020231466204422427,1,2,2,2
giftcards_15854,0.026168663485246046,1,2,1,1
giftcards_18013,0.04702481823358953,0,1,1,1
giftcards_23222,0.06494315271444102,0,1,1,1
giftcards_7224,0.05084840708645178,0,1,1,1
giftcards_12118,0.056693888831539134,0,1,1,1
giftcards_12435,0.06494315271444102,0,1,1,1
giftcards_5279,0.04522939435456307,0,1,2,1
giftcards_16000,0.028036567242690685,1,1,1,1
giftcards_1383,0.06265357803140273,0,1,1,1
giftcards_5480,0.0630506403992998,0,1,3,1
giftcards_2681,0.08089911764877405,0,2,2,2
giftcards_25831,0.08701908620205576,0,2,1,2
giftcards_21186,0.06494315271444102,0,1,1,1
giftcards_7578,0.05481712646005421,0,2,2,2
giftcards_12862,0.06622677527891083,0,1,1,1
giftcards_26825,0.04966575561150629,0,1,3,1
giftcards_10374,0.06494315271444102,0,1,1,1
giftcards_21135,0.08432841794476677,0,2,1,2
giftcards_4070,0.03579039376312225,1,1,3,3
giftcards_3337,0.011078099289295804,1,1,4,4
giftcards_24234,0.00043107354186874836,1,2,2,2
giftcards_21155,0.07133590484956306,0,1,1,1
giftcards_6153,0.07508731137955325,0,1,1,1
giftcards_25214,0.05345446070649193,0,1,1,1
giftcards_20375,0.044240596457347896,0,2,1,2
giftcards_21409,0.04257202883055541,0,1,1,1
giftcards_17245,0.06494315271444102,0,1,1,1
giftcards_17547,0.013423602837408927,1,1,4,4
giftcards_17946,0.052758524697811476,0,2,1,2
giftcards_17927,0.06312382741729422,0,1,1,1
giftcards_28237,0.043591027418268674,0,1,1,1
giftcards_11872,0.06079235652944507,0,1,1,1
giftcards_12691,0.0428564297338144,0,2,1,2
giftcards_16836,0.06920038183731272,0,2,0,2
giftcards_14619,0.050152921191390816,0,1,2,1
giftcards_26225,0.06891382424124631,0,1,1,1
giftcards_7024,0.005819047581428524,1,2,1,1
giftcards_6091,0.06439174717584495,0,3,1,3
giftcards_5246,0.026542804394385527,1,1,1,1
giftcards_13202,0.047488331878939416,0,1,3,1
giftcards_13722,0.021750880181701474,1,1,2,2
giftcards_20069,0.028457555169656493,1,1,3,3
giftcards_9246,0.05993293734579674,0,1,1,1
giftcards_920,0.07903100092966275,0,2,1,2
giftcards_4290,0.06707305429698923,0,1,1,1
giftcards_6628,0.0889265112993104,0,2,1,2
giftcards_12633,0.07314147017801628,0,2,2,2
giftcards_9271,0.06296323104574969,0,1,1,1
giftcards_28491,0.08862681233621439,0,2,1,2
giftcards_8892,0.04255223378372507,0,1,2,1
giftcards_23532,0.06494315271444102,0,1,1,1
giftcards_9830,0.0073410742020645625,1,1,4,4
giftcards_26941,0.06494315271444102,0,1,1,1
giftcards_28454,0.0602128154947,0,1,1,1
giftcards_20123,0.08124099784813797,0,3,2,3
giftcards_10591,0.06494315271444102,0,1,1,1
giftcards_14001,0.0664318012041171,0,1,1,1
giftcards_26651,0.05509138747032891,0,1,1,1
giftcards_22406,0.04895382250760793,0,1,1,1
giftcards_23156,0.046248245550368015,0,1,1,1
giftcards_23158,0.05540508316275818,0,1,1,1
giftcards_4139,0.05056309264476891,0,1,1,1
giftcards_15102,0.05434062003502362,0,1,1,1
giftcards_29,0.06494315271444102,0,1,1,1
giftcards_22896,0.05932065986587308,0,1,1,1
giftcards_5527,0.037506579071406504,1,1,3,3
giftcards_9999,0.03782888613087972,1,1,2,2
giftcards_1443,0.0020060084297892355,1,2,2,2
giftcards_17112,0.07486544738652641,0,1,1,1
giftcards_2903,0.038100845846476834,1,3,3,3
giftcards_21044,0.06494315271444102,0,1,1,1
giftcards_5992,0.03695808812760282,1,1,1,1
giftcards_8243,0.07259940010479847,0,3,1,3
giftcards_6279,0.07132660410218719,0,1,1,1
giftcards_18660,0.07136300930110845,0,2,2,2
giftcards_10727,0.06006309258941797,0,1,3,1
giftcards_12340,0.03803612376795697,1,1,2,2
giftcards_2403,0.04178745564510017,0,1,0,1
giftcards_3289,0.058362052077334234,0,1,1,1
giftcards_21134,0.05055712063631202,0,1,1,1
giftcards_15529,0.05884857957869202,0,1,1,1
giftcards_835,0.002468568625182882,1,1,1,1
giftcards_11767,0.024485420957849294,1,1,2,2
giftcards_4049,0.06110691365937646,0,1,4,1
giftcards_28029,0.01569917474424,1,3,4,4
giftcards_10989,0.035712729688973294,1,1,2,2
giftcards_16666,0.01837054013714043,1,1,1,1
giftcards_18255,0.0041127866895929455,1,4,2,2
giftcards_12801,0.062123827746549405,0,1,1,1
giftcards_21266,0.05428821187685154,0,1,1,1
giftcards_24501,0.08970437123089373,0,2,1,2
giftcards_3335,0.059764592536076376,0,1,1,1
giftcards_17431,0.05963483964472918,0,1,1,1
giftcards_11798,0.06429009178029785,0,2,1,2
giftcards_11224,0.06494315271444102,0,1,1,1
giftcards_511,0.06603275184088381,0,1,1,1
giftcards_19676,0.06494315271444102,0,1,1,1
giftcards_1821,0.05488413564371463,0,1,1,1
giftcards_7296,0.03695808812760282,1,1,1,1
giftcards_23562,0.05922126659483182,0,1,1,1
giftcards_18938,0.031019286491518333,1,1,1,1
giftcards_26254,0.04460282794673326,0,1,2,1
giftcards_21668,0.015215232240691504,1,2,1,1
giftcards_22311,0.0319667423535695,1,2,0,0
giftcards_21503,0.08210578212978005,0,2,1,2
giftcards_21235,0.003586997689079899,1,3,3,3
giftcards_7601,0.09005651421028667,0,2,1,2
giftcards_23357,0.014756074815729978,1,1,0,0
giftcards_9071,0.029212375488950268,1,1,1,1
giftcards_24421,0.0427956306911744,0,1,1,1
giftcards_25346,0.0624499181388918,0,1,1,1
giftcards_13026,0.06270124959200052,0,1,2,1
giftcards_22631,0.06461016002558803,0,1,1,1
giftcards_7980,0.050246161957806096,0,1,1,1
giftcards_18937,0.031019286491518333,1,1,1,1
giftcards_20737,0.03695808812760282,1,1,1,1
giftcards_7766,0.08701908620205576,0,2,1,2
giftcards_14733,0.07124506451194121,0,2,1,2
giftcards_17468,0.038878461776101055,0,1,1,1
giftcards_16027,0.05920722461256833,0,1,1,1
giftcards_13486,0.016654522735091146,1,1,2,2
giftcards_8762,0.05947308953404524,0,1,0,1
giftcards_2087,0.05862163102482704,0,1,3,1
giftcards_25801,0.004463892283393209,1,3,1,1
giftcards_25877,0.051269706673084954,0,1,3,1
giftcards_9769,0.052666006793500024,0,1,1,1
giftcards_9221,0.008874747429733404,1,1,1,1
giftcards_15748,0.0043985887419119435,1,3,1,1
giftcards_21655,0.0427956306911744,0,1,1,1
giftcards_24293,0.07124359335487612,0,1,1,1
giftcards_11913,0.062300657765457845,0,2,1,2
giftcards_2815,0.006824008977544788,1,2,2,2
giftcards_4239,0.06448974233269365,0,1,1,1
giftcards_16352,0.06247859435510055,0,1,2,1
giftcards_4810,0.05963483964472918,0,1,1,1
giftcards_15860,0.07407311613217282,0,2,1,2
giftcards_8054,0.059424092528892455,0,1,1,1
giftcards_21282,0.029972004746866537,1,2,3,3
giftcards_21860,0.03020972256961177,1,1,3,3
giftcards_20593,0.06494315271444102,0,1,1,1
giftcards_2136,0.05198721775796344,0,1,2,1
giftcards_19598,0.06831968132527563,0,1,1,1
giftcards_2754,0.0003047431608751844,1,2,2,2
giftcards_3095,0.07090807613260663,0,1,1,1
giftcards_19221,0.004849182900774449,1,1,3,3
giftcards_3387,0.08278307215604506,0,2,2,2
giftcards_18100,0.06789817963499588,0,1,2,1
giftcards_16919,0.08102503883259264,0,2,1,2
giftcards_28473,0.05461368353063293,0,1,1,1
giftcards_1862,0.0825928590393399,0,2,2,2
giftcards_15014,0.04183121511390065,0,1,1,1
giftcards_7733,0.06554449691217182,0,1,1,1
giftcards_4792,0.06365957595603192,0,1,1,1
giftcards_19986,0.015501426123050374,1,1,1,1
giftcards_5705,0.06494315271444102,0,1,1,1
giftcards_5519,0.05898743118384356,0,1,1,1
giftcards_12444,0.07793088709602317,0,2,1,2
giftcards_24132,0.03715143402876808,1,2,2,2
giftcards_22089,0.06494315271444102,0,1,1,1
giftcards_27959,0.03690807336192185,1,1,2,2
giftcards_446,0.0570334659983878,0,1,2,1
giftcards_2416,0.09160927954050696,0,2,1,2
giftcards_28036,0.04902418167118817,0,1,1,1
giftcards_8447,0.06848416615919115,0,1,1,1
giftcards_16555,0.0427956306911744,0,1,1,1
giftcards_23659,0.06494315271444102,0,1,1,1
giftcards_11763,0.02932404828978384,1,1,2,2
giftcards_27538,0.024248931881346525,1,1,1,1
giftcards_3537,0.005404089030664347,1,1,0,0
giftcards_21037,0.06973927847977529,0,1,1,1
giftcards_28453,0.0024686889026696718,1,2,0,0
giftcards_21516,0.06280851325845857,0,3,1,3
giftcards_25292,0.06439174717584495,0,3,1,3
giftcards_20166,0.06920038183731272,0,2,0,2
giftcards_20351,0.014299578497411411,1,2,1,1
giftcards_6415,0.07334869100826849,0,3,1,3
giftcards_8229,0.059062083631301124,0,1,1,1
giftcards_6051,0.06484290863218663,0,1,1,1
giftcards_12940,0.06546319251232258,0,1,1,1
giftcards_8899,0.04561047176752559,0,1,3,1
giftcards_18319,0.05521709032402874,0,1,2,1
giftcards_11432,0.09018946879549335,0,3,1,3
giftcards_21613,0.06027744122535181,0,1,0,1
giftcards_14991,0.05555450100833962,0,1,3,1
giftcards_13971,0.04995746909251805,0,1,1,1
giftcards_23254,0.0814224534611154,0,3,2,3
giftcards_12407,0.033427374068261684,1,2,1,1
giftcards_46,0.07085363609344608,0,1,1,1
giftcards_27380,0.09303292331804032,0,3,2,3
giftcards_24359,0.058290085365077786,0,1,1,1
giftcards_15395,0.06807883002972692,0,2,3,2
giftcards_12515,0.020002969100210072,1,1,1,1
giftcards_3697,0.007627957457582005,1,1,1,1
giftcards_9986,0.07470341402845357,0,2,1,2
giftcards_9621,0.06178732580109634,0,1,1,1
giftcards_12505,0.06036820447801206,0,1,1,1
giftcards_19391,0.06340371602439437,0,1,2,1
giftcards_18090,0.06261030226132686,0,1,1,1
giftcards_1029,0.03803959330685994,1,2,1,1
giftcards_23615,0.06350846490003415,0,1,1,1
giftcards_16492,0.04424027408674874,0,1,1,1
giftcards_19044,0.02032983291016978,1,1,3,3
giftcards_20288,0.06530579309730958,0,2,1,2
giftcards_17382,0.06494315271444102,0,1,1,1
giftcards_10458,0.01624772103734938,1,1,2,2
giftcards_20545,0.0490320927175129,0,1,0,1
giftcards_9378,0.006244784927345939,1,1,3,3
giftcards_12534,0.0752741841883179,0,1,1,1
giftcards_12321,0.06343452255653553,0,1,3,1
giftcards_16671,0.09316407653095905,0,2,2,2
giftcards_13679,0.06494315271444102,0,1,1,1
giftcards_26637,0.02680873012818666,1,2,3,3
giftcards_4418,0.06027775370260124,0,1,1,1
giftcards_3703,0.07017267681568659,0,3,1,3
giftcards_11621,0.06579739757385702,0,1,1,1
giftcards_3545,0.005633709665087125,1,1,1,1
giftcards_10276,0.06933592541120354,0,1,1,1
giftcards_10027,0.06389458129346379,0,1,1,1
giftcards_13512,0.019417172817502992,1,2,3,3
giftcards_12195,0.03695384453860533,1,1,1,1
giftcards_28372,0.00048721250499417224,1,2,3,3
giftcards_6745,0.0427956306911744,0,1,1,1
giftcards_22430,0.06274743542740413,0,1,1,1
giftcards_10796,0.048808495554695,0,1,2,1
giftcards_15138,0.0964234647520223,0,2,1,2
giftcards_27066,0.05645948402214219,0,1,2,1
giftcards_12565,0.05385550544161408,0,1,1,1
giftcards_18860,0.015141354877522578,1,2,3,3
giftcards_6944,0.051330732317334204,0,1,3,1
giftcards_24043,0.03173751622093661,1,1,1,1
giftcards_15344,0.0017049873940508525,1,1,1,1
giftcards_23248,0.058702403348762665,0,1,1,1
giftcards_15431,0.06015666159281228,0,1,1,1
giftcards_26939,0.02192236921930185,1,1,3,3
giftcards_28175,0.06528216750505919,0,1,1,1
giftcards_9233,0.03289326539117374,1,2,2,2
giftcards_6817,0.05168391223311821,0,1,1,1
giftcards_17052,0.016902306112832832,1,2,4,4
giftcards_14965,0.05171950943890067,0,1,1,1
giftcards_27881,0.06265841601707511,0,1,1,1
giftcards_20240,0.05698038169790869,0,1,1,1
giftcards_14576,0.07685032686301813,0,1,1,1
giftcards_1343,0.09104874294178161,0,2,1,2
giftcards_19502,0.03757058914611372,1,2,1,1
giftcards_16999,0.03695808812760282,1,1,1,1
giftcards_5934,0.05962986962209124,0,1,1,1
giftcards_4740,0.06494315271444102,0,1,1,1
giftcards_3929,0.049611872947592284,0,1,1,1
giftcards_27520,0.05828725611858634,0,1,1,1
giftcards_9713,0.05511590020519908,0,1,2,1
giftcards_20459,0.0566607851942775,0,1,1,1
giftcards_1944,0.007497217114361229,1,2,3,3
giftcards_13060,0.03665742394758749,1,1,1,1
giftcards_1364,0.02455124560599921,1,2,3,3
giftcards_25873,0.00528734029375863,1,2,1,1
giftcards_14549,0.06516901564849052,0,1,1,1
giftcards_27928,0.08701908620205576,0,2,1,2
giftcards_25585,0.004776715392285552,1,1,1,1
giftcards_11250,0.06484700500642898,0,1,1,1
giftcards_843,0.03559818426081937,1,2,2,2
giftcards_21370,0.007291744483546858,1,1,1,1
giftcards_5200,0.03872782319685885,1,1,1,1
giftcards_12639,0.07452065201799082,0,1,2,1
giftcards_22073,0.05114617050012468,0,1,3,1
giftcards_1139,0.06494315271444102,0,1,1,1
giftcards_12148,0.06641551923637172,0,1,0,1
giftcards_14446,0.08411402180654036,0,2,3,2
giftcards_4292,0.06899698533651479,0,1,1,1
giftcards_24127,0.06494315271444102,0,1,1,1
giftcards_5987,0.04078958447703362,0,1,4,1
giftcards_24544,0.08169446334210201,0,2,3,2
giftcards_10669,0.049972193976387934,0,1,1,1
giftcards_12311,0.03900328990018479,0,2,1,2
giftcards_22022,0.013318420817027762,1,5,3,3
giftcards_17088,0.04222943637834297,0,1,1,1
giftcards_27679,0.06494315271444102,0,1,1,1
giftcards_2883,0.035632030190839575,1,1,1,1
giftcards_10738,0.01903962454891836,1,2,1,1
giftcards_2410,0.05478337190155483,0,1,1,1
giftcards_1630,0.03872782319685885,1,1,1,1
giftcards_3926,0.05605435911300777,0,1,1,1
giftcards_984,0.02940662278002694,1,1,3,3
giftcards_5092,0.08963236257719007,0,2,2,2
giftcards_5606,0.052844687201094205,0,1,1,1
giftcards_17999,0.06774001738114996,0,1,2,1
giftcards_13355,0.05944827028104659,0,1,1,1
giftcards_24535,0.09002855483078132,0,2,2,2
giftcards_16047,0.05984803245708913,0,1,1,1
giftcards_7262,0.021399723749289695,1,1,1,1
giftcards_14444,0.06569710326199071,0,1,2,1
giftcards_9225,0.0427956306911744,0,1,1,1
giftcards_24527,0.05671632650825955,0,1,1,1
giftcards_1945,0.001116161808658811,1,3,2,2
giftcards_20112,0.013564665502026077,1,2,2,2
giftcards_12022,0.09650527438640523,0,2,1,2
giftcards_9196,0.05836057405473576,0,1,1,1
giftcards_2452,0.059721676883341346,0,1,1,1
giftcards_6933,0.06494315271444102,0,1,1,1
giftcards_25732,0.04965720804242376,0,1,0,1
giftcards_24868,0.0043476075635190264,1,2,1,1
giftcards_295,0.048721556843481374,0,2,1,2
giftcards_7250,0.06889245075454763,0,2,1,2
giftcards_13611,0.051994680092212774,0,1,2,1
giftcards_28520,0.06877568575820839,0,2,2,2
giftcards_13148,0.03887504200057529,0,1,2,1
giftcards_5945,0.060253296213265195,0,1,4,1
giftcards_15881,0.02725272637018386,1,1,1,1
giftcards_21117,0.053271982045194906,0,1,3,1
giftcards_10935,0.059663216544452995,0,1,1,1
giftcards_18987,0.06034415321508807,0,1,1,1
giftcards_15833,0.04417782145592492,0,1,1,1
giftcards_17316,0.0074641164911736085,1,1,1,1
giftcards_25366,0.0118326360205602,1,3,2,2
giftcards_19606,0.04726338406780358,0,1,3,1
giftcards_21416,0.04595560613627575,0,2,1,2
giftcards_8951,0.08873644608685441,0,3,2,3
giftcards_26946,0.07394114368697675,0,1,1,1
giftcards_907,0.07242691307166013,0,2,2,2
giftcards_15907,0.04300056080224649,0,1,1,1
giftcards_12948,0.052179566366160286,0,1,3,1
giftcards_1486,0.0427956306911744,0,1,1,1
giftcards_9816,0.028942339740416517,1,2,3,3
giftcards_14310,0.057322883000476894,0,1,2,1
giftcards_25071,0.06494315271444102,0,1,1,1
giftcards_9480,0.05729810583470876,0,1,1,1
giftcards_18275,0.06478884944693668,0,1,1,1
giftcards_13003,0.06543104867692734,0,1,1,1
giftcards_12788,0.058658819749527934,0,1,3,1
giftcards_27297,0.06494315271444102,0,1,1,1
giftcards_24969,0.06075357063029845,0,1,1,1
giftcards_16529,0.03872782319685885,1,1,1,1
giftcards_15214,0.03863227919618798,1,1,3,3
giftcards_10611,0.0455839967576408,0,1,4,1
giftcards_21154,0.06218909658979769,0,1,1,1
giftcards_8055,0.07082844100877518,0,1,3,1
giftcards_4453,0.06265759960559653,0,1,1,1
giftcards_3151,0.06249840349680827,0,1,2,1
giftcards_25028,0.06238556748834647,0,1,1,1
giftcards_9958,0.06181475404388858,0,1,1,1
giftcards_14667,0.00895523701745883,1,2,3,3
giftcards_16952,0.006635547870852812,1,2,3,3
giftcards_28061,0.06494315271444102,0,1,1,1
giftcards_16095,0.035770435885417035,1,1,1,1
giftcards_2407,0.0686240049473423,0,1,1,1
giftcards_26000,0.06494315271444102,0,1,1,1
giftcards_10612,0.09333181646395503,0,2,1,2
giftcards_28821,0.06291282391911965,0,1,1,1
giftcards_22425,0.046119394835545634,0,1,3,1
giftcards_16451,0.05821293675671824,0,1,1,1
giftcards_4978,0.003130107663261189,1,1,1,1
giftcards_482,0.04412441602284232,0,1,1,1
giftcards_14076,0.07008916125115078,0,2,1,2
giftcards_2293,0.05056101650834225,0,1,2,1
giftcards_7658,0.03058284211878988,1,1,1,1
giftcards_969,0.03872782319685885,1,1,1,1
giftcards_10166,0.07277494133960956,0,1,1,1
giftcards_17057,0.020581281947524094,1,3,1,1
giftcards_13227,0.06300241200658063,0,1,1,1
giftcards_3185,0.07969575100788774,0,2,3,2
giftcards_12070,0.06681290774688112,0,1,1,1
giftcards_16166,0.05702164447500738,0,1,1,1
giftcards_17150,0.04982621942314686,0,1,3,1
giftcards_10246,0.02956825486053173,1,1,2,2
giftcards_26980,0.07153640238999016,0,1,1,1
giftcards_16412,0.031353147060309214,1,1,1,1
giftcards_27170,0.034737601873994786,1,1,1,1
giftcards_27141,0.04944372397104388,0,1,1,1
giftcards_15386,0.07087529129684665,0,1,1,1
giftcards_23195,0.0550077639375988,0,1,1,1
giftcards_12730,0.03872782319685885,1,1,1,1
giftcards_8306,0.06183471705747185,0,1,1,1
giftcards_20604,0.05897144418865102,0,2,1,2
giftcards_10141,0.05742017934930139,0,1,3,1
giftcards_19245,0.06494315271444102,0,1,1,1
giftcards_28754,0.07489970657942761,0,1,1,1
giftcards_8314,0.006272570013849205,1,1,1,1
giftcards_21053,0.06494315271444102,0,1,1,1
giftcards_5589,0.003641133852520767,1,2,2,2
giftcards_26733,0.027091856273722084,1,1,4,4
giftcards_27866,0.06630886683753151,0,1,1,1
giftcards_26504,0.02472351765286021,1,1,3,3
giftcards_2051,0.09359378875025448,0,3,1,3
giftcards_21957,0.05463531368159135,0,1,1,1
giftcards_19441,0.054286305846258515,0,1,2,1
giftcards_12644,0.07404062824821771,0,1,1,1
giftcards_4113,0.05252798714086642,0,1,3,1
giftcards_2315,0.06225585561200572,0,1,0,1
giftcards_14174,0.052337081619991316,0,1,3,1
giftcards_21475,0.017795155097113505,1,1,4,4
giftcards_2447,0.06494315271444102,0,1,1,1
giftcards_8952,0.02287152221915753,1,1,2,2
giftcards_13643,0.05597891159478365,0,2,3,2
giftcards_25099,0.058212660530242995,0,1,3,1
giftcards_4498,0.07168228748272043,0,1,2,1
giftcards_3034,0.029260835939521113,1,1,1,1
giftcards_8235,0.057176413989919454,0,1,1,1
giftcards_13293,0.038854645242597664,0,1,1,1
giftcards_7493,0.06015883236286532,0,1,1,1
giftcards_25135,0.06669590984356365,0,2,3,2
giftcards_13798,0.018044534609144652,1,1,1,1
giftcards_12341,0.02796145156531149,1,1,1,1
giftcards_27863,0.036300822090318374,1,1,1,1
giftcards_6073,0.06494315271444102,0,1,1,1
giftcards_28203,0.05355972459694496,0,1,1,1
giftcards_16045,0.02607073346272208,1,1,0,0
giftcards_25165,0.051475776265288035,0,1,2,1
giftcards_21139,0.08140102436245511,0,2,1,2
giftcards_19259,0.014440308682029765,1,2,1,1
giftcards_14387,0.09497005553300844,0,2,1,2
giftcards_22995,0.05592502606303936,0,1,3,1
giftcards_28383,0.04298819337021742,0,4,3,4
giftcards_24324,0.0017006839516365418,1,1,3,3
giftcards_17259,0.06647113357293657,0,1,1,1
giftcards_20870,0.06494315271444102,0,1,1,1
giftcards_9163,0.04119422938677508,0,1,4,1
giftcards_25503,0.06494315271444102,0,1,1,1
giftcards_28005,0.058593361407441084,0,1,1,1
giftcards_24150,0.06559943949605218,0,1,1,1
giftcards_13695,0.027366004932936727,1,2,3,3
giftcards_20927,0.03872782319685885,1,1,1,1
giftcards_17970,0.0908829410138273,0,2,2,2
giftcards_2181,0.086156199927506,0,2,2,2
giftcards_11342,0.05531410795288531,0,1,2,1
giftcards_17452,0.025027016360389828,1,1,1,1
giftcards_3396,0.06075357063029845,0,1,1,1
giftcards_22172,0.06467237452433572,0,2,1,2
giftcards_18538,0.0427956306911744,0,1,1,1
giftcards_1824,0.024134217765193103,1,1,2,2
giftcards_4852,0.06494315271444102,0,1,1,1
giftcards_26658,0.055316547346781104,0,1,1,1
giftcards_15491,0.06395507525270985,0,1,1,1
giftcards_10127,0.0620284497452248,0,1,1,1
giftcards_27203,0.07707603946863784,0,2,2,2
giftcards_13595,0.08464652813853597,0,2,2,2
giftcards_2640,0.06494315271444102,0,1,2,1
giftcards_13400,0.0518382400691566,0,1,3,1
giftcards_23894,0.03872782319685885,1,1,1,1
giftcards_28167,0.009443844706052112,1,1,3,3
giftcards_26919,0.06959569139166132,0,1,2,1
giftcards_15172,0.009917415370581856,1,4,4,4
giftcards_23830,0.04648048643131981,0,1,3,1
giftcards_27045,0.06494315271444102,0,1,1,1
giftcards_16758,0.06494315271444102,0,1,1,1
giftcards_11008,0.06326682613100992,0,1,2,1
giftcards_20320,0.0427956306911744,0,1,1,1
giftcards_27567,0.062150336705500166,0,1,1,1
giftcards_2199,0.008876010033237666,1,2,2,2
giftcards_5383,0.006384432155859376,1,2,2,2
giftcards_1664,0.06657425248894774,0,1,1,1
giftcards_27776,0.055037958011735805,0,1,2,1
giftcards_1807,0.01612592895203771,1,2,3,3
giftcards_9731,0.06172724516057707,0,1,1,1
giftcards_964,0.05292988849500279,0,1,3,1
giftcards_13036,0.06494315271444102,0,1,1,1
giftcards_12104,0.0678986380672244,0,1,1,1
giftcards_18634,0.06174968821420885,0,1,1,1
giftcards_22551,0.04271638461792689,0,1,1,1
giftcards_2901,0.03872782319685885,1,1,1,1
giftcards_16367,0.0021686090964495724,1,1,2,2
giftcards_26999,0.06494315271444102,0,1,1,1
giftcards_3920,0.09140857802193228,0,2,2,2
giftcards_24516,0.08743261354309931,0,2,3,2
giftcards_7949,0.01925944155307148,1,2,2,2
giftcards_10311,0.0039312546902395,1,2,3,3
giftcards_13552,0.06494315271444102,0,1,1,1
giftcards_17747,0.08204697521914407,0,2,1,2
giftcards_6670,0.06873080289300638,0,1,1,1
giftcards_4647,0.034819675603507044,1,2,2,2
giftcards_28,0.06559521738856663,0,2,1,2
giftcards_4279,0.0031715941709980905,1,2,3,3
giftcards_18295,0.05910844724827088,0,1,1,1
giftcards_15705,0.0306565551975468,1,1,1,1
giftcards_10600,0.06598521044320896,0,1,1,1
giftcards_10007,0.08307916525238798,0,2,1,2
giftcards_7037,0.0683565878692701,0,2,1,2
giftcards_28521,0.06903893798499777,0,1,1,1
giftcards_9045,0.03493667519785425,1,1,4,4
giftcards_10725,0.08695379357875108,0,2,1,2
giftcards_4935,0.05011221551726325,0,2,2,2
giftcards_25938,0.058593361407441084,0,1,1,1
giftcards_21297,0.06292910659716239,0,1,1,1
giftcards_15408,0.05934954243838905,0,1,1,1
giftcards_24815,0.05174695718995114,0,3,2,3
giftcards_8328,0.08701908620205576,0,2,1,2
giftcards_22148,0.004582661835504473,1,1,1,1
giftcards_15846,0.08308693299262802,0,2,3,2
giftcards_18476,0.06564035739714003,0,1,1,1
giftcards_23575,0.06494315271444102,0,1,1,1
giftcards_146,0.05287184482078893,0,1,1,1
giftcards_13976,0.020872906011363296,1,2,2,2
giftcards_18667,0.052505498219159424,0,1,1,1
giftcards_7497,0.03419190482342942,1,1,1,1
giftcards_21565,0.06105108227842193,0,1,1,1
giftcards_2959,0.013181889870879579,1,1,2,2
giftcards_23,0.06559521738856663,0,2,1,2
giftcards_14398,0.03695808812760282,1,1,1,1
giftcards_3538,0.027415361669807778,1,2,1,1
giftcards_28390,0.0427956306911744,0,1,1,1
giftcards_27247,0.03872782319685885,1,1,1,1
giftcards_24880,0.016851591391628867,1,2,2,2
giftcards_13906,0.03537962279896223,1,1,1,1
giftcards_25513,0.05670881498603519,0,1,1,1
giftcards_15164,0.01595739799045988,1,2,3,3
giftcards_15937,0.05143154849088669,0,1,1,1
giftcards_25449,0.08340084495330172,0,2,2,2
giftcards_22703,0.053795593787836236,0,1,3,1
giftcards_6533,0.03905031494633168,0,1,1,1
giftcards_20913,0.0822938167311552,0,2,1,2
giftcards_6029,0.009444804279078053,1,1,1,1
giftcards_15237,0.049113974882343515,0,1,1,1
giftcards_12663,0.07126507283998701,0,3,3,3
giftcards_9002,0.06278766022751775,0,1,1,1
giftcards_24057,0.06233535050094228,0,1,1,1
giftcards_4916,0.06042828751288199,0,1,1,1
giftcards_3301,0.06256799494821597,0,1,1,1
giftcards_9604,0.010181998110309537,1,1,1,1
giftcards_878,0.05448708145922423,0,1,1,1
giftcards_16908,0.018419615792797064,1,2,1,1
giftcards_19001,0.06184757451410423,0,1,1,1
giftcards_7335,0.0638289663144204,0,1,1,1
